provider_id,provider_name,month,course_id,term_id,course_enroll_count
400000000008007,宁波凯信服饰股份有限公司,NULL,NULL,NULL,NULL
400000000029002,上海网之易网络科技发展有限公司,2017-04-18,400000000834041,400000000849033,1
400000000030003,重庆璞润控股(集团)有限公司,NULL,NULL,NULL,NULL
400000000030004,西交利物浦大学图书馆,NULL,NULL,NULL,NULL
400000000037001,重庆长安民生物流股份有限公司,2017-01-04,400000000221020,400000000229022,12
400000000037001,重庆长安民生物流股份有限公司,2017-02-23,400000000458001,400000000479003,15
400000000037001,重庆长安民生物流股份有限公司,2017-03-03,400000000533004,400000000755001,68
400000000037001,重庆长安民生物流股份有限公司,2017-03-03,400000000533004,400000000756001,63
400000000037001,重庆长安民生物流股份有限公司,2017-03-03,400000000533004,400000000569005,60
400000000037001,重庆长安民生物流股份有限公司,2017-03-03,400000000533004,400000000573006,61
400000000037001,重庆长安民生物流股份有限公司,2017-03-03,400000000533004,400000000993036,58
400000000037001,重庆长安民生物流股份有限公司,2017-03-03,400000000533004,400000001003025,57
400000000037001,重庆长安民生物流股份有限公司,2017-03-09,400000000579001,400000000601001,6
400000000037001,重庆长安民生物流股份有限公司,2017-04-06,400000000698048,400000000727043,9
400000000037001,重庆长安民生物流股份有限公司,2017-04-11,400000000785008,400000000801007,43
400000000037001,重庆长安民生物流股份有限公司,2017-04-13,400000000821001,400000000829001,5
400000000037001,重庆长安民生物流股份有限公司,2017-04-20,400000000839033,400000000841112,8
400000000037001,重庆长安民生物流股份有限公司,2017-04-24,400000000858037,400000000885030,33
400000000037001,重庆长安民生物流股份有限公司,2017-05-19,400000001051017,400000001074016,56
400000000037001,重庆长安民生物流股份有限公司,2017-05-19,400000001061001,400000001081001,178
400000000037001,重庆长安民生物流股份有限公司,2017-05-22,400000001073012,400000001093014,211
400000000037001,重庆长安民生物流股份有限公司,2017-05-26,400000001099008,400000001122008,61
400000000037001,重庆长安民生物流股份有限公司,2017-05-31,400000001121004,400000001142004,87
400000000037001,重庆长安民生物流股份有限公司,2017-06-01,400000001134002,400000001170001,26
400000000037001,重庆长安民生物流股份有限公司,2017-06-01,400000001143002,400000001167002,101
400000000037001,重庆长安民生物流股份有限公司,2017-06-01,400000001144002,400000001168002,33
400000000037001,重庆长安民生物流股份有限公司,2017-06-01,400000001145001,400000001169001,92
400000000037001,重庆长安民生物流股份有限公司,2017-06-08,400000001182027,400000001206029,96
400000000037001,重庆长安民生物流股份有限公司,2017-06-12,400000001202022,400000001228024,7985
400000000037001,重庆长安民生物流股份有限公司,2017-06-15,400000001204005,400000001242005,197
400000000037001,重庆长安民生物流股份有限公司,2017-06-15,400000001211003,400000001231005,187
400000000037001,重庆长安民生物流股份有限公司,2017-06-14,400000001217004,400000001241004,7985
400000000037001,重庆长安民生物流股份有限公司,2017-06-21,400000001247002,400000001273002,7981
400000000037001,重庆长安民生物流股份有限公司,2017-06-22,400000001263002,400000001296001,185
400000000037001,重庆长安民生物流股份有限公司,2017-06-26,400000001267008,400000001292007,7981
400000000037001,重庆长安民生物流股份有限公司,2017-06-22,400000001276003,400000001288005,134
400000000037001,重庆长安民生物流股份有限公司,2017-06-30,400000001301011,400000001327012,115
400000000037001,重庆长安民生物流股份有限公司,2017-07-05,400000001336007,400000001362008,181
400000000037001,重庆长安民生物流股份有限公司,2017-07-05,400000001344012,400000001370011,3
400000000037001,重庆长安民生物流股份有限公司,2017-07-10,400000001410001,400000001437001,7994
400000000037001,重庆长安民生物流股份有限公司,2017-07-19,400000001464001,400000001494001,7996
400000000037001,重庆长安民生物流股份有限公司,2017-07-19,400000001468001,400000001498001,40
400000000037001,重庆长安民生物流股份有限公司,2017-07-24,400000001490007,400000001520007,7996
400000000037001,重庆长安民生物流股份有限公司,2017-07-21,400000001494004,400000001524004,7996
400000000037001,重庆长安民生物流股份有限公司,2017-07-26,400000001522006,400000001553006,7998
400000000037001,重庆长安民生物流股份有限公司,2017-08-09,400000001587022,400000001622023,8000
400000000037001,重庆长安民生物流股份有限公司,2017-08-17,400000001588042,400000001624037,7868
400000000037001,重庆长安民生物流股份有限公司,2017-08-14,400000001589020,400000001625017,8004
400000000037001,重庆长安民生物流股份有限公司,2017-08-28,400000001665008,400000001698006,7867
400000000037001,重庆长安民生物流股份有限公司,2017-08-30,400000001687055,400000001719057,7867
400000000037001,重庆长安民生物流股份有限公司,2017-09-05,400000001727011,400000001763010,7867
400000000037001,重庆长安民生物流股份有限公司,2017-09-07,400000001747003,400000001780002,7867
400000000037001,重庆长安民生物流股份有限公司,2017-09-07,400000001747004,400000001780003,7868
400000000037001,重庆长安民生物流股份有限公司,2017-09-12,400000001779003,400000001807002,7870
400000000037001,重庆长安民生物流股份有限公司,2017-09-13,400000001791002,400000001822002,7870
400000000037001,重庆长安民生物流股份有限公司,2017-09-14,400000001805002,400000001837002,7871
400000000037001,重庆长安民生物流股份有限公司,2017-09-15,400000001824004,400000001856005,7872
400000000037001,重庆长安民生物流股份有限公司,2017-09-20,400000001833001,400000001863001,7873
400000000037001,重庆长安民生物流股份有限公司,2017-09-25,400000001833020,400000001863022,7873
400000000037001,重庆长安民生物流股份有限公司,2017-09-21,400000001834017,400000001864018,7873
400000000037001,重庆长安民生物流股份有限公司,2017-09-26,400000001842044,400000001872044,53
400000000037001,重庆长安民生物流股份有限公司,2017-10-12,400000001891014,400000001922014,415
400000000037001,重庆长安民生物流股份有限公司,2017-10-12,400000001891015,400000001922015,7878
400000000037001,重庆长安民生物流股份有限公司,2017-10-16,400000001902007,400000001933007,7876
400000000037001,重庆长安民生物流股份有限公司,2017-10-19,400000001964013,400000001999013,7861
400000000037001,重庆长安民生物流股份有限公司,2017-10-20,400000001976001,400000002009001,123
400000000042003,青岛远洋运输有限公司,NULL,NULL,NULL,NULL
400000000043004,上海透云物联网科技有限公司,NULL,NULL,NULL,NULL
400000000052001,长安汽车股份,2017-02-11,400000000387002,400000000408003,747
400000000052001,长安汽车股份,2017-04-20,400000000840027,400000000849049,158
400000000052001,长安汽车股份,2017-07-13,400000001417021,400000001445022,496
400000000052001,长安汽车股份,2017-08-14,400000001587033,400000001622031,72
400000000052001,长安汽车股份,2017-10-20,400000001976006,400000002009006,1
400000000052009,重庆财沃旅游发展有限公司,2017-04-24,400000000867045,400000000908022,5
400000000054003,汽车平台演示,2017-03-11,400000000609038,400000000630054,NULL
400000000054003,汽车平台演示,2017-03-11,400000000609038,400000000633050,NULL
400000000054003,汽车平台演示,2017-03-11,400000000609038,400000000629032,NULL
400000000054003,汽车平台演示,2017-03-14,400000000614007,400000000653002,2
400000000054003,汽车平台演示,2017-03-14,400000000614008,400000000644004,2
400000000054003,汽车平台演示,2017-03-14,400000000615003,400000000646004,1
400000000054003,汽车平台演示,2017-03-14,400000000615004,400000000654004,1
400000000054003,汽车平台演示,2017-03-14,400000000615005,400000000645004,1
400000000054003,汽车平台演示,2017-03-14,400000000616003,400000000645002,1
400000000054003,汽车平台演示,2017-03-14,400000000616004,400000000648002,1
400000000054003,汽车平台演示,2017-03-14,400000000617002,400000000644005,1
400000000054003,汽车平台演示,2017-03-14,400000000617003,400000000656003,1
400000000054003,汽车平台演示,2017-03-14,400000000617004,400000000643004,1
400000000054003,汽车平台演示,2017-03-14,400000000618003,400000000653003,1
400000000054003,汽车平台演示,2017-03-14,400000000618004,400000000652002,1
400000000054003,汽车平台演示,2017-03-14,400000000618005,400000000656004,NULL
400000000054003,汽车平台演示,2017-03-14,400000000618006,400000000649003,3
400000000054003,汽车平台演示,2017-03-14,400000000619002,400000000656002,1
400000000054003,汽车平台演示,2017-03-14,400000000619003,400000000655004,2
400000000054003,汽车平台演示,2017-03-14,400000000619004,400000000646007,NULL
400000000054003,汽车平台演示,2017-03-14,400000000619005,400000000643003,1
400000000054003,汽车平台演示,2017-03-14,400000000619006,400000000655007,1
400000000054003,汽车平台演示,2017-03-14,400000000619007,400000000658004,4
400000000054003,汽车平台演示,2017-03-14,400000000619008,400000000657004,3
400000000054003,汽车平台演示,2017-03-14,400000000619009,400000000657005,1
400000000054003,汽车平台演示,2017-03-14,400000000619011,400000000653006,7
400000000054003,汽车平台演示,2017-03-14,400000000620002,400000000646003,1
400000000054003,汽车平台演示,2017-03-14,400000000620003,400000000657003,2
400000000054003,汽车平台演示,2017-03-14,400000000620004,400000000653004,1
400000000054003,汽车平台演示,2017-03-14,400000000620005,400000000655005,1
400000000054003,汽车平台演示,2017-03-14,400000000621003,400000000654002,1
400000000054003,汽车平台演示,2017-03-14,400000000621004,400000000646005,NULL
400000000054003,汽车平台演示,2017-03-14,400000000621005,400000000654003,1
400000000054003,汽车平台演示,2017-03-14,400000000621006,400000000656006,1
400000000054003,汽车平台演示,2017-03-14,400000000621007,400000000655008,3
400000000054003,汽车平台演示,2017-03-14,400000000622003,400000000650004,1
400000000054003,汽车平台演示,2017-03-14,400000000622004,400000000646008,1
400000000054003,汽车平台演示,2017-03-14,400000000622005,400000000646010,7
400000000054003,汽车平台演示,2017-03-14,400000000623004,400000000656005,2
400000000054003,汽车平台演示,2017-03-14,400000000624002,400000000644002,3
400000000054003,汽车平台演示,2017-03-14,400000000624003,400000000655002,2
400000000054003,汽车平台演示,2017-03-14,400000000624004,400000000646006,2
400000000054003,汽车平台演示,2017-03-14,400000000624005,400000000658005,6
400000000054003,汽车平台演示,2017-03-14,400000000625003,400000000654005,2
400000000054003,汽车平台演示,2017-03-14,400000000625004,400000000642007,1
400000000054003,汽车平台演示,2017-03-14,400000000626002,400000000647002,1
400000000054003,汽车平台演示,2017-03-14,400000000626003,400000000655006,1
400000000054003,汽车平台演示,2017-03-14,400000000628003,400000000655003,1
400000000054003,汽车平台演示,2017-03-14,400000000628004,400000000645003,1
400000000054003,汽车平台演示,2017-03-14,400000000628005,400000000654006,8
400000000054003,汽车平台演示,2017-03-14,400000000628006,400000000656007,6
400000000054003,汽车平台演示,2017-03-14,400000000629002,400000000650005,1
400000000054003,汽车平台演示,2017-03-14,400000000630002,400000000650006,4
400000000054003,汽车平台演示,2017-03-14,400000000630003,400000000653005,4
400000000054003,汽车平台演示,2017-03-14,400000000630004,400000000642008,5
400000000054003,汽车平台演示,2017-03-15,400000000643001,400000000669002,1
400000000054003,汽车平台演示,2017-03-15,400000000643002,400000000672001,3
400000000054003,汽车平台演示,2017-05-08,400000000926018,400000000960016,15
400000000054003,汽车平台演示,2017-05-15,400000000999002,400000001011004,3
400000000054003,汽车平台演示,2017-07-03,400000001334001,400000001360001,5
400000000054003,汽车平台演示,2017-08-02,400000001533002,400000001563002,2
400000000055001,广汽三菱汽车有限公司,2017-03-21,400000000655031,400000000688035,943
400000000056001,杭州碧游信息技术有限公司,NULL,NULL,NULL,NULL
400000000062002,网易校园俱乐部,NULL,NULL,NULL,NULL
400000000070001,浙江日报报业集团,NULL,NULL,NULL,NULL
400000000071001,杭州市水务控股集团有限公司,NULL,NULL,NULL,NULL
400000000073001,杭州橙群网络科技有限公司,2017-01-24,400000000332007,400000000369003,338
400000000073001,杭州橙群网络科技有限公司,2017-02-23,400000000456002,400000000483001,112
400000000073001,杭州橙群网络科技有限公司,2017-02-24,400000000464004,400000000507001,94
400000000073001,杭州橙群网络科技有限公司,2017-02-24,400000000465003,400000000505003,105
400000000073001,杭州橙群网络科技有限公司,2017-02-23,400000000467001,400000000498002,158
400000000073001,杭州橙群网络科技有限公司,2017-02-24,400000000470003,400000000494003,170
400000000073001,杭州橙群网络科技有限公司,2017-02-24,400000000472003,400000000495005,NULL
400000000073001,杭州橙群网络科技有限公司,2017-03-08,400000000555003,400000000591001,79
400000000073001,杭州橙群网络科技有限公司,2017-03-09,400000000578001,400000000598001,79
400000000073001,杭州橙群网络科技有限公司,2017-03-09,400000000585001,400000000612001,363
400000000073001,杭州橙群网络科技有限公司,2017-03-10,400000000597031,400000000627022,79
400000000073001,杭州橙群网络科技有限公司,2017-03-09,400000000601002,400000000636001,79
400000000073001,杭州橙群网络科技有限公司,2017-03-10,400000000601031,400000000638029,409
400000000073001,杭州橙群网络科技有限公司,2017-03-09,400000000603001,400000000623002,79
400000000073001,杭州橙群网络科技有限公司,2017-03-10,400000000605027,400000000639033,78
400000000073001,杭州橙群网络科技有限公司,2017-03-10,400000000606029,400000000634030,76
400000000073001,杭州橙群网络科技有限公司,2017-03-14,400000000628002,400000000644003,79
400000000073001,杭州橙群网络科技有限公司,2017-03-27,400000000649059,400000000678058,320
400000000073001,杭州橙群网络科技有限公司,2017-03-27,400000000650059,400000000676051,452
400000000073001,杭州橙群网络科技有限公司,2017-03-27,400000000655061,400000000677051,385
400000000073001,杭州橙群网络科技有限公司,2017-03-27,400000000655062,400000000682045,332
400000000073001,杭州橙群网络科技有限公司,2017-03-20,400000000657046,400000000947001,388
400000000073001,杭州橙群网络科技有限公司,2017-03-20,400000000657046,400000000684034,34
400000000073001,杭州橙群网络科技有限公司,2017-03-20,400000000658026,400000000681024,347
400000000073001,杭州橙群网络科技有限公司,2017-03-20,400000000658027,400000000681025,375
400000000073001,杭州橙群网络科技有限公司,2017-03-16,400000000660009,400000000673008,342
400000000073001,杭州橙群网络科技有限公司,2017-03-30,400000000692043,400000000732028,400
400000000073001,杭州橙群网络科技有限公司,2017-03-31,400000000692045,400000000721038,323
400000000073001,杭州橙群网络科技有限公司,2017-03-30,400000000696036,400000000721034,352
400000000073001,杭州橙群网络科技有限公司,2017-03-30,400000000697037,400000000727032,344
400000000073001,杭州橙群网络科技有限公司,2017-03-30,400000000699047,400000000723034,414
400000000073001,杭州橙群网络科技有限公司,2017-03-30,400000000699049,400000000733030,332
400000000073001,杭州橙群网络科技有限公司,2017-04-01,400000000701056,400000000718037,299
400000000073001,杭州橙群网络科技有限公司,2017-03-30,400000000702034,400000000721035,349
400000000073001,杭州橙群网络科技有限公司,2017-04-05,400000000702043,400000000725048,174
400000000073001,杭州橙群网络科技有限公司,2017-03-31,400000000704043,400000000728040,342
400000000073001,杭州橙群网络科技有限公司,2017-04-07,400000000736006,400000000760001,404
400000000073001,杭州橙群网络科技有限公司,2017-04-07,400000000742007,400000000766001,342
400000000073001,杭州橙群网络科技有限公司,2017-04-19,400000000827097,400000000841099,113
400000000073001,杭州橙群网络科技有限公司,2017-04-19,400000000828038,400000000843098,330
400000000073001,杭州橙群网络科技有限公司,2017-04-20,400000000832074,400000000842047,378
400000000073001,杭州橙群网络科技有限公司,2017-04-19,400000000834048,400000000844079,351
400000000073001,杭州橙群网络科技有限公司,2017-04-19,400000000841016,400000000845065,322
400000000073001,杭州橙群网络科技有限公司,2017-04-20,400000000841035,400000000847068,393
400000000073001,杭州橙群网络科技有限公司,2017-04-21,400000000845001,400000000861001,362
400000000073001,杭州橙群网络科技有限公司,2017-04-21,400000000846001,400000000862001,362
400000000073001,杭州橙群网络科技有限公司,2017-04-21,400000000849004,400000000874002,379
400000000073001,杭州橙群网络科技有限公司,2017-04-21,400000000850001,400000000865001,361
400000000073001,杭州橙群网络科技有限公司,2017-04-24,400000000865049,400000000887048,333
400000000073001,杭州橙群网络科技有限公司,2017-05-02,400000000901033,400000000919005,367
400000000073001,杭州橙群网络科技有限公司,2017-05-04,400000000923007,400000000934011,426
400000000073001,杭州橙群网络科技有限公司,2017-05-05,400000000927001,400000000948002,368
400000000073001,杭州橙群网络科技有限公司,2017-05-11,400000000978033,400000000993035,360
400000000073001,杭州橙群网络科技有限公司,2017-05-12,400000000983042,400000001003044,416
400000000073001,杭州橙群网络科技有限公司,2017-05-13,400000000989001,400000001009001,366
400000000073001,杭州橙群网络科技有限公司,2017-05-15,400000001000001,400000001016002,378
400000000073001,杭州橙群网络科技有限公司,2017-05-17,400000001028001,400000001049001,409
400000000073001,杭州橙群网络科技有限公司,2017-05-19,400000001041036,400000001072033,429
400000000073001,杭州橙群网络科技有限公司,2017-05-18,400000001042001,400000001062001,356
400000000073001,杭州橙群网络科技有限公司,2017-05-18,400000001044001,400000001065001,361
400000000073001,杭州橙群网络科技有限公司,2017-05-19,400000001046029,400000001067030,378
400000000073001,杭州橙群网络科技有限公司,2017-05-19,400000001047057,400000001064049,385
400000000073001,杭州橙群网络科技有限公司,2017-05-19,400000001049044,400000001071039,467
400000000073001,杭州橙群网络科技有限公司,2017-05-19,400000001051018,400000001074017,369
400000000073001,杭州橙群网络科技有限公司,2017-05-19,400000001051045,400000001074044,436
400000000073001,杭州橙群网络科技有限公司,2017-05-19,400000001053023,400000001061022,382
400000000073001,杭州橙群网络科技有限公司,2017-05-22,400000001063001,400000001083001,412
400000000073001,杭州橙群网络科技有限公司,2017-05-22,400000001064001,400000001084001,379
400000000073001,杭州橙群网络科技有限公司,2017-05-26,400000001104041,400000001127043,84
400000000073001,杭州橙群网络科技有限公司,2017-05-26,400000001106037,400000001128039,84
400000000073001,杭州橙群网络科技有限公司,2017-05-26,400000001108033,400000001130036,84
400000000073001,杭州橙群网络科技有限公司,2017-05-26,400000001111004,400000001133005,84
400000000073001,杭州橙群网络科技有限公司,2017-05-27,400000001113044,400000001135045,441
400000000073001,杭州橙群网络科技有限公司,2017-06-07,400000001169046,400000001193049,412
400000000073001,杭州橙群网络科技有限公司,2017-06-07,400000001172023,400000001197023,383
400000000073001,杭州橙群网络科技有限公司,2017-06-08,400000001174034,400000001200035,26
400000000073001,杭州橙群网络科技有限公司,2017-06-06,400000001176018,400000001202018,86
400000000073001,杭州橙群网络科技有限公司,2017-06-07,400000001177034,400000001203033,388
400000000073001,杭州橙群网络科技有限公司,2017-06-07,400000001184024,400000001208024,408
400000000073001,杭州橙群网络科技有限公司,2017-06-08,400000001184029,400000001208031,402
400000000073001,杭州橙群网络科技有限公司,2017-06-13,400000001186070,400000001212069,443
400000000073001,杭州橙群网络科技有限公司,2017-06-12,400000001187056,400000001214056,486
400000000073001,杭州橙群网络科技有限公司,2017-06-09,400000001189001,400000001215001,400
400000000073001,杭州橙群网络科技有限公司,2017-06-09,400000001198002,400000001225002,26
400000000073001,杭州橙群网络科技有限公司,2017-06-12,400000001198056,400000001225056,483
400000000073001,杭州橙群网络科技有限公司,2017-06-15,400000001204004,400000001242004,63
400000000073001,杭州橙群网络科技有限公司,2017-06-15,400000001204012,400000001242010,28
400000000073001,杭州橙群网络科技有限公司,2017-06-15,400000001205005,400000001246004,423
400000000073001,杭州橙群网络科技有限公司,2017-06-15,400000001206004,400000001234004,423
400000000073001,杭州橙群网络科技有限公司,2017-06-19,400000001228003,400000001264002,453
400000000073001,杭州橙群网络科技有限公司,2017-06-20,400000001229013,400000001261012,446
400000000073001,杭州橙群网络科技有限公司,2017-06-20,400000001231006,400000001258006,31
400000000073001,杭州橙群网络科技有限公司,2017-06-20,400000001232005,400000001253007,532
400000000073001,杭州橙群网络科技有限公司,2017-06-20,400000001239002,400000001263002,433
400000000073001,杭州橙群网络科技有限公司,2017-06-20,400000001240002,400000001265002,493
400000000073001,杭州橙群网络科技有限公司,2017-06-22,400000001262004,400000001289004,620
400000000073001,杭州橙群网络科技有限公司,2017-06-22,400000001266002,400000001291002,651
400000000073001,杭州橙群网络科技有限公司,2017-06-22,400000001269003,400000001294004,630
400000000073001,杭州橙群网络科技有限公司,2017-06-22,400000001271001,400000001297001,441
400000000073001,杭州橙群网络科技有限公司,2017-06-22,400000001272007,400000001298006,517
400000000073001,杭州橙群网络科技有限公司,2017-06-22,400000001275005,400000001302004,622
400000000073001,杭州橙群网络科技有限公司,2017-06-22,400000001275006,400000001302005,614
400000000073001,杭州橙群网络科技有限公司,2017-06-22,400000001277004,400000001303004,616
400000000073001,杭州橙群网络科技有限公司,2017-06-22,400000001277006,400000001303006,502
400000000073001,杭州橙群网络科技有限公司,2017-06-27,400000001293003,400000001312004,11
400000000073001,杭州橙群网络科技有限公司,2017-07-01,400000001306015,400000001332015,29
400000000073001,杭州橙群网络科技有限公司,2017-06-29,400000001316002,400000001341002,466
400000000073001,杭州橙群网络科技有限公司,2017-07-03,400000001319001,400000001345001,534
400000000073001,杭州橙群网络科技有限公司,2017-07-03,400000001324004,400000001350005,507
400000000073001,杭州橙群网络科技有限公司,2017-07-04,400000001347001,400000001373001,41
400000000073001,杭州橙群网络科技有限公司,2017-07-06,400000001357078,400000001383078,488
400000000073001,杭州橙群网络科技有限公司,2017-07-05,400000001370042,400000001396042,29
400000000073001,杭州橙群网络科技有限公司,2017-07-05,400000001370043,400000001396043,29
400000000073001,杭州橙群网络科技有限公司,2017-07-08,400000001391001,400000001418001,484
400000000073001,杭州橙群网络科技有限公司,2017-07-08,400000001392001,400000001419001,29
400000000073001,杭州橙群网络科技有限公司,2017-07-10,400000001398014,400000001425014,666
400000000073001,杭州橙群网络科技有限公司,2017-07-13,400000001410016,400000001437018,559
400000000073001,杭州橙群网络科技有限公司,2017-07-11,400000001423001,400000001450001,700
400000000073001,杭州橙群网络科技有限公司,2017-07-11,400000001423002,400000001450002,549
400000000073001,杭州橙群网络科技有限公司,2017-07-15,400000001448001,400000001475001,29
400000000073001,杭州橙群网络科技有限公司,2017-07-18,400000001456016,400000001484016,580
400000000073001,杭州橙群网络科技有限公司,2017-07-20,400000001468005,400000001498005,559
400000000073001,杭州橙群网络科技有限公司,2017-07-20,400000001471001,400000001501001,542
400000000073001,杭州橙群网络科技有限公司,2017-07-21,400000001481007,400000001509008,546
400000000073001,杭州橙群网络科技有限公司,2017-07-24,400000001482011,400000001510010,550
400000000073001,杭州橙群网络科技有限公司,2017-07-20,400000001483002,400000001511002,546
400000000073001,杭州橙群网络科技有限公司,2017-07-21,400000001487005,400000001517005,601
400000000073001,杭州橙群网络科技有限公司,2017-07-21,400000001488006,400000001518006,547
400000000073001,杭州橙群网络科技有限公司,2017-07-24,400000001495004,400000001525004,556
400000000073001,杭州橙群网络科技有限公司,2017-07-25,400000001498003,400000001528003,560
400000000073001,杭州橙群网络科技有限公司,2017-07-25,400000001502003,400000001532003,562
400000000073001,杭州橙群网络科技有限公司,2017-07-27,400000001516004,400000001547004,580
400000000073001,杭州橙群网络科技有限公司,2017-07-27,400000001516007,400000001547007,576
400000000073001,杭州橙群网络科技有限公司,2017-07-26,400000001517006,400000001548006,574
400000000073001,杭州橙群网络科技有限公司,2017-07-27,400000001519006,400000001550006,581
400000000073001,杭州橙群网络科技有限公司,2017-07-27,400000001520006,400000001551006,43
400000000073001,杭州橙群网络科技有限公司,2017-07-26,400000001521004,400000001552004,580
400000000073001,杭州橙群网络科技有限公司,2017-07-27,400000001522009,400000001553008,576
400000000073001,杭州橙群网络科技有限公司,2017-07-31,400000001526017,400000001556015,631
400000000073001,杭州橙群网络科技有限公司,2017-08-02,400000001531001,400000001561001,636
400000000073001,杭州橙群网络科技有限公司,2017-08-02,400000001539001,400000001569001,692
400000000073001,杭州橙群网络科技有限公司,2017-08-03,400000001541004,400000001571006,601
400000000073001,杭州橙群网络科技有限公司,2017-08-02,400000001543001,400000001573002,599
400000000073001,杭州橙群网络科技有限公司,2017-08-03,400000001545031,400000001575027,601
400000000073001,杭州橙群网络科技有限公司,2017-08-03,400000001558001,400000001588001,595
400000000073001,杭州橙群网络科技有限公司,2017-08-04,400000001588001,400000001624001,596
400000000073001,杭州橙群网络科技有限公司,2017-08-07,400000001589004,400000001625003,95
400000000073001,杭州橙群网络科技有限公司,2017-08-15,400000001589026,400000001625023,640
400000000073001,杭州橙群网络科技有限公司,2017-08-10,400000001590024,400000001626024,634
400000000073001,杭州橙群网络科技有限公司,2017-08-17,400000001591045,400000001633043,635
400000000073001,杭州橙群网络科技有限公司,2017-08-17,400000001591051,400000001633047,637
400000000073001,杭州橙群网络科技有限公司,2017-08-09,400000001594018,400000001619018,614
400000000073001,杭州橙群网络科技有限公司,2017-08-17,400000001594049,400000001619045,640
400000000073001,杭州橙群网络科技有限公司,2017-08-10,400000001596028,400000001630023,622
400000000073001,杭州橙群网络科技有限公司,2017-08-15,400000001598043,400000001628035,643
400000000073001,杭州橙群网络科技有限公司,2017-08-15,400000001600041,400000001623034,649
400000000073001,杭州橙群网络科技有限公司,2017-08-18,400000001607003,400000001650002,639
400000000073001,杭州橙群网络科技有限公司,2017-08-21,400000001620002,400000001652002,721
400000000073001,杭州橙群网络科技有限公司,2017-08-23,400000001620024,400000001652036,659
400000000073001,杭州橙群网络科技有限公司,2017-08-22,400000001627013,400000001659014,659
400000000073001,杭州橙群网络科技有限公司,2017-08-21,400000001629004,400000001661004,655
400000000073001,杭州橙群网络科技有限公司,2017-08-22,400000001633008,400000001665011,660
400000000073001,杭州橙群网络科技有限公司,2017-08-24,400000001634001,400000001667001,673
400000000073001,杭州橙群网络科技有限公司,2017-08-24,400000001636013,400000001669013,665
400000000073001,杭州橙群网络科技有限公司,2017-08-30,400000001680043,400000001723042,682
400000000073001,杭州橙群网络科技有限公司,2017-08-30,400000001692056,400000001725065,678
400000000073001,杭州橙群网络科技有限公司,2017-08-30,400000001693039,400000001726038,674
400000000073001,杭州橙群网络科技有限公司,2017-08-31,400000001701001,400000001735001,676
400000000073001,杭州橙群网络科技有限公司,2017-08-31,400000001704005,400000001737005,694
400000000073001,杭州橙群网络科技有限公司,2017-09-01,400000001720001,400000001753001,63
400000000073001,杭州橙群网络科技有限公司,2017-09-04,400000001735008,400000001768007,704
400000000073001,杭州橙群网络科技有限公司,2017-09-07,400000001739007,400000001773008,710
400000000073001,杭州橙群网络科技有限公司,2017-09-08,400000001742010,400000001776009,709
400000000073001,杭州橙群网络科技有限公司,2017-09-06,400000001743002,400000001777002,727
400000000073001,杭州橙群网络科技有限公司,2017-09-07,400000001748004,400000001781004,731
400000000073001,杭州橙群网络科技有限公司,2017-09-09,400000001750012,400000001783012,718
400000000073001,杭州橙群网络科技有限公司,2017-09-11,400000001762006,400000001794006,734
400000000073001,杭州橙群网络科技有限公司,2017-09-11,400000001765003,400000001796003,763
400000000073001,杭州橙群网络科技有限公司,2017-09-12,400000001774008,400000001805007,735
400000000073001,杭州橙群网络科技有限公司,2017-09-12,400000001778003,400000001809001,762
400000000073001,杭州橙群网络科技有限公司,2017-09-14,400000001803003,400000001835003,732
400000000073001,杭州橙群网络科技有限公司,2017-09-16,400000001818006,400000001850004,738
400000000073001,杭州橙群网络科技有限公司,2017-09-20,400000001822033,400000001854035,752
400000000073001,杭州橙群网络科技有限公司,2017-09-15,400000001825003,400000001857003,732
400000000073001,杭州橙群网络科技有限公司,2017-09-16,400000001828004,400000001849005,740
400000000073001,杭州橙群网络科技有限公司,2017-09-25,400000001833019,400000001863021,763
400000000073001,杭州橙群网络科技有限公司,2017-09-27,400000001838024,400000001868024,768
400000000073001,杭州橙群网络科技有限公司,2017-09-21,400000001843001,400000001873001,747
400000000073001,杭州橙群网络科技有限公司,2017-10-12,400000001887017,400000001918018,794
400000000073001,杭州橙群网络科技有限公司,2017-10-11,400000001891013,400000001922013,794
400000000073001,杭州橙群网络科技有限公司,2017-10-12,400000001896001,400000001927001,38
400000000073001,杭州橙群网络科技有限公司,2017-10-14,400000001900015,400000001931015,798
400000000073001,杭州橙群网络科技有限公司,2017-10-14,400000001903005,400000001934005,798
400000000073001,杭州橙群网络科技有限公司,2017-10-18,400000001928003,400000001959003,804
400000000073001,杭州橙群网络科技有限公司,2017-10-17,400000001930008,400000001961008,801
400000000073001,杭州橙群网络科技有限公司,2017-10-17,400000001933012,400000001964012,801
400000000073001,杭州橙群网络科技有限公司,2017-10-19,400000001970010,400000002005011,804
400000000073001,杭州橙群网络科技有限公司,2017-10-20,400000001974002,400000002008002,808
400000000073002,四海内校,2017-02-17,400000000427002,400000000450002,44
400000000073002,四海内校,2017-02-17,400000000429004,400000000452003,48
400000000073002,四海内校,2017-02-17,400000000429005,400000000455002,37
400000000073002,四海内校,2017-02-17,400000000431002,400000000452002,68
400000000073002,四海内校,2017-02-17,400000000433004,400000000458001,43
400000000073002,四海内校,2017-02-17,400000000436001,400000000457001,61
400000000073002,四海内校,2017-02-17,400000000437001,400000000457002,35
400000000073002,四海内校,2017-03-19,400000000662025,400000000680031,77
400000000074001,北京五八信息技术有限公司,2017-02-19,400000000431004,400000000453003,470
400000000074001,北京五八信息技术有限公司,2017-02-19,400000000432003,400000000446002,25
400000000074001,北京五八信息技术有限公司,2017-02-19,400000000433005,400000000448002,72
400000000074001,北京五八信息技术有限公司,2017-02-19,400000000434002,400000000448003,490
400000000074001,北京五八信息技术有限公司,2017-02-19,400000000439001,400000000449002,300
400000000074001,北京五八信息技术有限公司,2017-02-19,400000000440001,400000000448004,13
400000000074001,北京五八信息技术有限公司,2017-02-22,400000000447002,400000000463003,74
400000000074001,北京五八信息技术有限公司,2017-02-25,400000000463010,400000000500004,138
400000000074001,北京五八信息技术有限公司,2017-02-25,400000000465006,400000000499006,27
400000000074001,北京五八信息技术有限公司,2017-02-25,400000000465007,400000000505005,33
400000000074001,北京五八信息技术有限公司,2017-02-25,400000000465008,400000000499007,8
400000000074001,北京五八信息技术有限公司,2017-02-25,400000000467004,400000000494005,16
400000000074001,北京五八信息技术有限公司,2017-02-25,400000000470008,400000000506004,19
400000000074001,北京五八信息技术有限公司,2017-02-25,400000000470009,400000000491004,13
400000000074001,北京五八信息技术有限公司,2017-02-25,400000000473003,400000000492005,24
400000000074001,北京五八信息技术有限公司,2017-02-25,400000000473004,400000000495009,28
400000000074001,北京五八信息技术有限公司,2017-02-25,400000000473005,400000000494007,20
400000000074001,北京五八信息技术有限公司,2017-02-25,400000000474003,400000000496007,11
400000000074001,北京五八信息技术有限公司,2017-02-25,400000000475003,400000000503003,44
400000000074001,北京五八信息技术有限公司,2017-02-25,400000000475004,400000000497008,40
400000000074001,北京五八信息技术有限公司,2017-02-25,400000000475005,400000000507003,24
400000000074001,北京五八信息技术有限公司,2017-02-25,400000000476003,400000000495008,23
400000000074001,北京五八信息技术有限公司,2017-02-25,400000000476004,400000000494006,26
400000000074001,北京五八信息技术有限公司,2017-02-25,400000000476005,400000000502005,25
400000000074001,北京五八信息技术有限公司,2017-02-25,400000000476006,400000000502006,19
400000000074001,北京五八信息技术有限公司,2017-02-27,400000000497002,400000000536003,24
400000000074001,北京五八信息技术有限公司,2017-02-27,400000000497003,400000000535002,49
400000000074001,北京五八信息技术有限公司,2017-02-28,400000000497011,400000000532007,85
400000000074001,北京五八信息技术有限公司,2017-02-27,400000000498001,400000000532001,22
400000000074001,北京五八信息技术有限公司,2017-02-27,400000000498002,400000000538001,244
400000000074001,北京五八信息技术有限公司,2017-02-28,400000000498003,400000000542004,19
400000000074001,北京五八信息技术有限公司,2017-02-28,400000000498008,400000000531003,15
400000000074001,北京五八信息技术有限公司,2017-02-28,400000000498009,400000000542009,28
400000000074001,北京五八信息技术有限公司,2017-02-27,400000000499001,400000000533001,361
400000000074001,北京五八信息技术有限公司,2017-02-27,400000000499002,400000000527002,29
400000000074001,北京五八信息技术有限公司,2017-02-27,400000000499003,400000000539001,21
400000000074001,北京五八信息技术有限公司,2017-02-28,400000000499004,400000000527003,82
400000000074001,北京五八信息技术有限公司,2017-02-27,400000000500002,400000000542001,25
400000000074001,北京五八信息技术有限公司,2017-02-27,400000000500003,400000000535003,15
400000000074001,北京五八信息技术有限公司,2017-02-27,400000000501002,400000000536004,15
400000000074001,北京五八信息技术有限公司,2017-02-28,400000000502002,400000000527004,38
400000000074001,北京五八信息技术有限公司,2017-02-28,400000000502004,400000000532004,26
400000000074001,北京五八信息技术有限公司,2017-02-27,400000000503001,400000000536002,9
400000000074001,北京五八信息技术有限公司,2017-02-27,400000000503002,400000000537001,24
400000000074001,北京五八信息技术有限公司,2017-02-27,400000000504001,400000000534002,12
400000000074001,北京五八信息技术有限公司,2017-02-27,400000000505001,400000000532002,60
400000000074001,北京五八信息技术有限公司,2017-02-28,400000000505002,400000000528003,31
400000000074001,北京五八信息技术有限公司,2017-02-28,400000000505005,400000000527006,61
400000000074001,北京五八信息技术有限公司,2017-02-27,400000000507001,400000000528002,21
400000000074001,北京五八信息技术有限公司,2017-02-27,400000000507002,400000000538002,16
400000000074001,北京五八信息技术有限公司,2017-02-27,400000000508001,400000000540001,12
400000000074001,北京五八信息技术有限公司,2017-02-28,400000000508003,400000000542003,41
400000000074001,北京五八信息技术有限公司,2017-02-28,400000000508004,400000000541002,24
400000000074001,北京五八信息技术有限公司,2017-02-28,400000000508008,400000000541004,19
400000000074001,北京五八信息技术有限公司,2017-02-28,400000000509003,400000000537003,131
400000000074001,北京五八信息技术有限公司,2017-02-28,400000000509007,400000000543009,211
400000000074001,北京五八信息技术有限公司,2017-02-28,400000000510001,400000000536005,40
400000000074001,北京五八信息技术有限公司,2017-02-28,400000000512003,400000000536008,110
400000000074001,北京五八信息技术有限公司,2017-03-07,400000000535025,400000000568011,115
400000000074001,北京五八信息技术有限公司,2017-03-10,400000000610019,400000000625019,42
400000000074001,北京五八信息技术有限公司,2017-03-14,400000000618002,400000000642006,74
400000000074001,北京五八信息技术有限公司,2017-03-14,400000000622002,400000000658003,104
400000000074001,北京五八信息技术有限公司,2017-03-14,400000000625002,400000000651004,168
400000000074001,北京五八信息技术有限公司,2017-03-31,400000000698037,400000000731028,98
400000000074001,北京五八信息技术有限公司,2017-04-30,400000000908029,400000000915003,53
400000000074001,北京五八信息技术有限公司,2017-05-15,400000000999001,400000001011002,55
400000000074001,北京五八信息技术有限公司,2017-05-23,400000001063022,400000001083019,273
400000000074001,北京五八信息技术有限公司,2017-05-22,400000001065001,400000001085001,172
400000000074001,北京五八信息技术有限公司,2017-05-25,400000001092003,400000001109003,250
400000000074001,北京五八信息技术有限公司,2017-05-26,400000001099006,400000001122006,183
400000000074001,北京五八信息技术有限公司,2017-05-31,400000001119004,400000001140004,74
400000000074001,北京五八信息技术有限公司,2017-05-31,400000001119005,400000001140005,74
400000000074001,北京五八信息技术有限公司,2017-05-31,400000001119006,400000001140006,74
400000000074001,北京五八信息技术有限公司,2017-05-31,400000001126001,400000001147001,74
400000000074001,北京五八信息技术有限公司,2017-06-04,400000001169030,400000001193030,240
400000000074001,北京五八信息技术有限公司,2017-06-04,400000001170047,400000001195048,322
400000000074001,北京五八信息技术有限公司,2017-06-04,400000001170048,400000001195049,274
400000000074001,北京五八信息技术有限公司,2017-06-04,400000001171010,400000001196010,264
400000000074001,北京五八信息技术有限公司,2017-06-04,400000001176008,400000001202008,409
400000000074001,北京五八信息技术有限公司,2017-06-06,400000001176021,400000001202021,293
400000000074001,北京五八信息技术有限公司,2017-06-04,400000001177013,400000001203013,430
400000000074001,北京五八信息技术有限公司,2017-06-04,400000001180019,400000001194020,241
400000000074001,北京五八信息技术有限公司,2017-06-04,400000001180020,400000001194021,319
400000000074001,北京五八信息技术有限公司,2017-06-04,400000001181010,400000001205010,476
400000000074001,北京五八信息技术有限公司,2017-06-04,400000001185007,400000001209007,283
400000000074001,北京五八信息技术有限公司,2017-06-26,400000001266008,400000001291007,150
400000000074001,北京五八信息技术有限公司,2017-06-29,400000001317002,400000001343002,76
400000000074001,北京五八信息技术有限公司,2017-07-05,400000001346008,400000001372008,394
400000000074001,北京五八信息技术有限公司,2017-07-05,400000001347005,400000001373007,241
400000000074001,北京五八信息技术有限公司,2017-07-05,400000001347006,400000001373008,266
400000000074001,北京五八信息技术有限公司,2017-07-05,400000001363001,400000001390001,305
400000000074001,北京五八信息技术有限公司,2017-07-18,400000001462009,400000001489009,186
400000000074001,北京五八信息技术有限公司,2017-07-27,400000001513005,400000001543005,202
400000000074001,北京五八信息技术有限公司,2017-07-26,400000001518005,400000001549005,137
400000000074001,北京五八信息技术有限公司,2017-07-26,400000001518006,400000001549006,137
400000000074001,北京五八信息技术有限公司,2017-07-26,400000001520005,400000001551005,137
400000000074001,北京五八信息技术有限公司,2017-07-26,400000001521006,400000001552006,137
400000000074001,北京五八信息技术有限公司,2017-07-28,400000001522010,400000001553009,294
400000000074001,北京五八信息技术有限公司,2017-07-26,400000001524005,400000001554006,137
400000000074001,北京五八信息技术有限公司,2017-07-27,400000001524008,400000001554009,99
400000000074001,北京五八信息技术有限公司,2017-07-26,400000001526005,400000001556005,137
400000000074001,北京五八信息技术有限公司,2017-07-27,400000001526006,400000001556006,71
400000000074001,北京五八信息技术有限公司,2017-08-01,400000001526037,400000001556034,487
400000000074001,北京五八信息技术有限公司,2017-08-17,400000001586045,400000001621044,22
400000000074001,北京五八信息技术有限公司,2017-08-11,400000001589015,400000001625012,81
400000000074001,北京五八信息技术有限公司,2017-08-17,400000001591050,400000001633046,8
400000000074001,北京五八信息技术有限公司,2017-08-10,400000001592030,400000001627030,142
400000000074001,北京五八信息技术有限公司,2017-08-14,400000001593025,400000001629019,324
400000000074001,北京五八信息技术有限公司,2017-08-17,400000001597040,400000001631033,16
400000000074001,北京五八信息技术有限公司,2017-08-17,400000001597041,400000001631034,18
400000000074001,北京五八信息技术有限公司,2017-08-10,400000001599022,400000001632014,102
400000000074001,北京五八信息技术有限公司,2017-08-17,400000001600055,400000001623049,16
400000000074001,北京五八信息技术有限公司,2017-08-18,400000001615003,400000001648002,57
400000000074001,北京五八信息技术有限公司,2017-08-18,400000001616002,400000001646002,19
400000000074001,北京五八信息技术有限公司,2017-08-24,400000001646002,400000001678002,13
400000000074001,北京五八信息技术有限公司,2017-08-25,400000001660002,400000001693002,31
400000000074001,北京五八信息技术有限公司,2017-08-29,400000001679002,400000001712001,103
400000000074001,北京五八信息技术有限公司,2017-08-30,400000001692047,400000001725047,73
400000000074001,北京五八信息技术有限公司,2017-08-31,400000001707010,400000001740012,52
400000000074001,北京五八信息技术有限公司,2017-09-01,400000001710002,400000001743002,30
400000000074001,北京五八信息技术有限公司,2017-09-01,400000001714001,400000001746002,56
400000000074001,北京五八信息技术有限公司,2017-09-01,400000001715001,400000001748001,38
400000000074001,北京五八信息技术有限公司,2017-09-05,400000001737001,400000001770001,18
400000000074001,北京五八信息技术有限公司,2017-09-08,400000001737008,400000001770008,10
400000000074001,北京五八信息技术有限公司,2017-09-07,400000001741003,400000001775003,23
400000000074001,北京五八信息技术有限公司,2017-09-08,400000001744005,400000001778008,18
400000000074001,北京五八信息技术有限公司,2017-09-13,400000001791001,400000001822001,32
400000000074001,北京五八信息技术有限公司,2017-09-13,400000001791003,400000001822003,55
400000000074001,北京五八信息技术有限公司,2017-09-14,400000001802003,400000001834003,221
400000000074001,北京五八信息技术有限公司,2017-09-14,400000001817002,400000001848002,28
400000000074001,北京五八信息技术有限公司,2017-09-19,400000001825012,400000001857012,62
400000000074001,北京五八信息技术有限公司,2017-09-25,400000001838020,400000001868020,214
400000000074001,北京五八信息技术有限公司,2017-09-25,400000001847032,400000001878032,213
400000000074001,北京五八信息技术有限公司,2017-09-29,400000001878001,400000001909001,23
400000000074001,北京五八信息技术有限公司,2017-10-11,400000001883045,400000001914064,5
400000000074001,北京五八信息技术有限公司,2017-10-10,400000001884051,400000001915068,25
400000000074001,北京五八信息技术有限公司,2017-10-10,400000001885011,400000001916011,15
400000000074001,北京五八信息技术有限公司,2017-10-12,400000001897001,400000001928001,8
400000000074001,北京五八信息技术有限公司,2017-10-12,400000001898001,400000001929001,4
400000000074001,北京五八信息技术有限公司,2017-10-19,400000001956002,400000001991003,3
400000000075002,北京众合天下管理咨询有限公司,2017-03-02,400000000532005,400000000570001,28
400000000075002,北京众合天下管理咨询有限公司,2017-03-02,400000000537003,400000000571001,20
400000000075002,北京众合天下管理咨询有限公司,2017-03-06,400000000538022,400000000574010,281
400000000075002,北京众合天下管理咨询有限公司,2017-03-02,400000000539002,400000000566002,30
400000000075002,北京众合天下管理咨询有限公司,2017-03-06,400000000545019,400000000577008,109
400000000075002,北京众合天下管理咨询有限公司,2017-03-03,400000000546011,400000000569007,282
400000000075002,北京众合天下管理咨询有限公司,2017-03-08,400000000551002,400000000592001,109
400000000075002,北京众合天下管理咨询有限公司,2017-03-08,400000000552004,400000000584002,291
400000000075002,北京众合天下管理咨询有限公司,2017-03-08,400000000556002,400000000587001,109
400000000075002,北京众合天下管理咨询有限公司,2017-03-09,400000000573002,400000000600001,109
400000000075002,北京众合天下管理咨询有限公司,2017-03-09,400000000586001,400000000613001,109
400000000075002,北京众合天下管理咨询有限公司,2017-03-09,400000000594002,400000000613002,109
400000000075002,北京众合天下管理咨询有限公司,2017-04-05,400000000689053,400000000719042,282
400000000075002,北京众合天下管理咨询有限公司,2017-04-20,400000000825041,400000000847065,277
400000000075002,北京众合天下管理咨询有限公司,2017-04-20,400000000826074,400000000847066,275
400000000075002,北京众合天下管理咨询有限公司,2017-04-20,400000000830092,400000000854019,278
400000000075002,北京众合天下管理咨询有限公司,2017-04-19,400000000832062,400000000847057,282
400000000075002,北京众合天下管理咨询有限公司,2017-04-19,400000000832063,400000000851073,276
400000000075002,北京众合天下管理咨询有限公司,2017-04-19,400000000833057,400000000841106,277
400000000075002,北京众合天下管理咨询有限公司,2017-04-20,400000000833061,400000000852025,276
400000000075002,北京众合天下管理咨询有限公司,2017-04-19,400000000834056,400000000851072,275
400000000075002,北京众合天下管理咨询有限公司,2017-04-20,400000000834061,400000000846037,280
400000000075002,北京众合天下管理咨询有限公司,2017-04-20,400000000839031,400000000848064,280
400000000075002,北京众合天下管理咨询有限公司,2017-04-19,400000000841023,400000000843111,277
400000000075002,北京众合天下管理咨询有限公司,2017-04-20,400000000841032,400000000843120,277
400000000075002,北京众合天下管理咨询有限公司,2017-05-16,400000001001021,400000001017022,270
400000000075002,北京众合天下管理咨询有限公司,2017-05-16,400000001010009,400000001027002,274
400000000075002,北京众合天下管理咨询有限公司,2017-05-31,400000001123003,400000001144003,276
400000000075002,北京众合天下管理咨询有限公司,2017-06-01,400000001138002,400000001161002,275
400000000075002,北京众合天下管理咨询有限公司,2017-06-01,400000001146001,400000001163003,277
400000000075002,北京众合天下管理咨询有限公司,2017-06-05,400000001181011,400000001205011,281
400000000075002,北京众合天下管理咨询有限公司,2017-06-13,400000001200045,400000001227044,29
400000000075002,北京众合天下管理咨询有限公司,2017-06-22,400000001263004,400000001296003,255
400000000075002,北京众合天下管理咨询有限公司,2017-06-23,400000001276005,400000001288007,253
400000000075002,北京众合天下管理咨询有限公司,2017-06-28,400000001285004,400000001311006,261
400000000075002,北京众合天下管理咨询有限公司,2017-07-10,400000001404002,400000001431002,303
400000000075002,北京众合天下管理咨询有限公司,2017-07-24,400000001494005,400000001524005,316
400000000075002,北京众合天下管理咨询有限公司,2017-08-01,400000001516015,400000001547015,307
400000000075002,北京众合天下管理咨询有限公司,2017-08-02,400000001540001,400000001570001,313
400000000075002,北京众合天下管理咨询有限公司,2017-08-03,400000001545024,400000001575024,317
400000000075002,北京众合天下管理咨询有限公司,2017-08-04,400000001567001,400000001600001,313
400000000075002,北京众合天下管理咨询有限公司,2017-08-07,400000001588003,400000001624003,322
400000000075002,北京众合天下管理咨询有限公司,2017-08-07,400000001595001,400000001620002,17
400000000075002,北京众合天下管理咨询有限公司,2017-08-14,400000001595037,400000001620034,323
400000000075002,北京众合天下管理咨询有限公司,2017-08-17,400000001596047,400000001630042,319
400000000075002,北京众合天下管理咨询有限公司,2017-08-17,400000001596049,400000001630046,322
400000000075002,北京众合天下管理咨询有限公司,2017-08-11,400000001599023,400000001632016,315
400000000075002,北京众合天下管理咨询有限公司,2017-08-22,400000001627012,400000001659013,321
400000000075002,北京众合天下管理咨询有限公司,2017-08-24,400000001634003,400000001667003,323
400000000075002,北京众合天下管理咨询有限公司,2017-08-24,400000001636014,400000001669014,127
400000000075002,北京众合天下管理咨询有限公司,2017-08-29,400000001683041,400000001716044,126
400000000075002,北京众合天下管理咨询有限公司,2017-09-01,400000001710004,400000001743004,330
400000000075002,北京众合天下管理咨询有限公司,2017-09-01,400000001711003,400000001744003,130
400000000075002,北京众合天下管理咨询有限公司,2017-09-01,400000001717002,400000001750002,332
400000000075002,北京众合天下管理咨询有限公司,2017-09-06,400000001742002,400000001776002,130
400000000075002,北京众合天下管理咨询有限公司,2017-09-06,400000001748002,400000001781002,130
400000000075002,北京众合天下管理咨询有限公司,2017-09-11,400000001759001,400000001790001,21
400000000075002,北京众合天下管理咨询有限公司,2017-09-20,400000001826065,400000001860068,132
400000000075002,北京众合天下管理咨询有限公司,2017-09-21,400000001835018,400000001865019,2
400000000075002,北京众合天下管理咨询有限公司,2017-09-21,400000001836002,400000001866002,132
400000000075002,北京众合天下管理咨询有限公司,2017-09-27,400000001836028,400000001866028,348
400000000075002,北京众合天下管理咨询有限公司,2017-09-27,400000001849002,400000001880002,348
400000000075002,北京众合天下管理咨询有限公司,2017-10-10,400000001885012,400000001916012,129
400000000075002,北京众合天下管理咨询有限公司,2017-10-11,400000001892028,400000001923040,346
400000000075002,北京众合天下管理咨询有限公司,2017-10-13,400000001898013,400000001929013,347
400000000075002,北京众合天下管理咨询有限公司,2017-10-18,400000001927002,400000001958002,128
400000000075002,北京众合天下管理咨询有限公司,2017-10-19,400000001956001,400000001991001,129
400000000075002,北京众合天下管理咨询有限公司,2017-10-20,400000001974001,400000002008001,350
400000000078002,晋能清洁能源科技有限公司,NULL,NULL,NULL,NULL
400000000078003,南方英特空调有限公司,NULL,NULL,NULL,NULL
400000000082001,北京项目管理协会自学考试职业能力培养考核平台,2017-03-26,400000000647046,400000000677044,11
400000000082001,北京项目管理协会自学考试职业能力培养考核平台,2017-03-20,400000000655021,400000000687021,10
400000000082001,北京项目管理协会自学考试职业能力培养考核平台,2017-03-21,400000000657056,400000000681034,7
400000000087001,山东卓创集团有限公司,NULL,NULL,NULL,NULL
400000000090002,网易传媒科技（北京）有限公司,2017-06-29,400000001301003,400000001327003,296
400000000090002,网易传媒科技（北京）有限公司,2017-07-13,400000001411017,400000001438019,296
400000000090002,网易传媒科技（北京）有限公司,2017-07-13,400000001418023,400000001441025,296
400000000090002,网易传媒科技（北京）有限公司,2017-08-12,400000001587032,400000001622030,1
400000000090002,网易传媒科技（北京）有限公司,2017-08-12,400000001592033,400000001627034,1
400000000090002,网易传媒科技（北京）有限公司,2017-08-12,400000001595032,400000001620028,1
400000000090002,网易传媒科技（北京）有限公司,2017-08-07,400000001598002,400000001628003,1
400000000090002,网易传媒科技（北京）有限公司,2017-09-03,400000001724002,400000001760002,NULL
400000000090002,网易传媒科技（北京）有限公司,2017-09-03,400000001730001,400000001765001,NULL
400000000090002,网易传媒科技（北京）有限公司,2017-09-04,400000001730002,400000001765002,NULL
400000000090003,重庆天极网络有限公司,2017-04-06,400000000710001,400000001196011,15
400000000090003,重庆天极网络有限公司,2017-04-25,400000000881029,400000000908028,20
400000000096003,安世联合商务服务（北京）有限公司,NULL,NULL,NULL,NULL
400000000096005,信诚人寿保险有限公司上海分公司,NULL,NULL,NULL,NULL
400000000101004,联合汽车电子有限公司,NULL,NULL,NULL,NULL
400000000106002,厦门双瑞船舶涂料有限公司,2017-07-31,400000001515012,400000001545013,110
400000000106002,厦门双瑞船舶涂料有限公司,2017-08-01,400000001516013,400000001547013,110
400000000106002,厦门双瑞船舶涂料有限公司,2017-08-01,400000001519011,400000001550012,110
400000000106002,厦门双瑞船舶涂料有限公司,2017-08-01,400000001520015,400000001551016,110
400000000106002,厦门双瑞船舶涂料有限公司,2017-07-28,400000001522011,400000001553010,110
400000000106002,厦门双瑞船舶涂料有限公司,2017-08-02,400000001529002,400000001558002,110
400000000108001,河北建投新能源有限公司,NULL,NULL,NULL,NULL
400000000110001,北京古北水镇旅游有限公司,NULL,NULL,NULL,NULL
400000000112003,中国保险保障基金有限责任公司,NULL,NULL,NULL,NULL
400000000114001,重庆信息通信研究院,2017-05-22,400000001058013,400000001078014,11
400000000114001,重庆信息通信研究院,2017-05-22,400000001063013,400000001083010,3
400000000114001,重庆信息通信研究院,2017-05-26,400000001100004,400000001123005,26
400000000114001,重庆信息通信研究院,2017-05-31,400000001126002,400000001147002,26
400000000114001,重庆信息通信研究院,2017-05-31,400000001127001,400000001148001,26
400000000114001,重庆信息通信研究院,2017-05-31,400000001128002,400000001149002,26
400000000114001,重庆信息通信研究院,2017-07-18,400000001455012,400000001483013,10
400000000114001,重庆信息通信研究院,2017-07-20,400000001468003,400000001498003,6
400000000114001,重庆信息通信研究院,2017-07-27,400000001518011,400000001549011,2
400000000114001,重庆信息通信研究院,2017-07-26,400000001519003,400000001550003,2
400000000114001,重庆信息通信研究院,2017-07-26,400000001522001,400000001553001,4
400000000114001,重庆信息通信研究院,2017-08-01,400000001524042,400000001554041,4
400000000114001,重庆信息通信研究院,2017-07-26,400000001525002,400000001555002,2
400000000114001,重庆信息通信研究院,2017-07-26,400000001525004,400000001555004,3
400000000114001,重庆信息通信研究院,2017-08-29,400000001683042,400000001716045,1
400000000114001,重庆信息通信研究院,2017-09-08,400000001741009,400000001775009,1
400000000114001,重庆信息通信研究院,2017-09-15,400000001827002,400000001859002,2
400000000114001,重庆信息通信研究院,2017-09-26,400000001839028,400000001869030,3
400000000114001,重庆信息通信研究院,2017-09-22,400000001841021,400000001871022,NULL
400000000114001,重庆信息通信研究院,2017-10-17,400000001915003,400000001948002,5
400000000114002,上汽通用(沈阳)北盛汽车有限公司,NULL,NULL,NULL,NULL
400000000115001,长安轿车销售事业部,2017-06-02,400000001160001,400000001184001,2
400000000115001,长安轿车销售事业部,2017-06-09,400000001187001,400000001214001,67
400000000115001,长安轿车销售事业部,2017-06-09,400000001187001,400000001244007,28
400000000115001,长安轿车销售事业部,2017-06-14,400000001208002,400000001232002,3526
400000000115001,长安轿车销售事业部,2017-06-21,400000001244001,400000001269001,44
400000000115001,长安轿车销售事业部,2017-06-21,400000001255001,400000001281001,170
400000000115001,长安轿车销售事业部,2017-06-26,400000001271009,400000001297010,792
400000000115001,长安轿车销售事业部,2017-06-28,400000001296003,400000001321003,803
400000000115001,长安轿车销售事业部,2017-06-30,400000001318011,400000001344011,63
400000000115001,长安轿车销售事业部,2017-07-04,400000001342005,400000001368004,1544
400000000115001,长安轿车销售事业部,2017-07-18,400000001449019,400000001476019,696
400000000115001,长安轿车销售事业部,2017-07-18,400000001452015,400000001479015,595
400000000115001,长安轿车销售事业部,2017-07-19,400000001459013,400000001487011,993
400000000115001,长安轿车销售事业部,2017-07-19,400000001459015,400000001487014,86
400000000115001,长安轿车销售事业部,2017-07-20,400000001468004,400000001498004,73
400000000115001,长安轿车销售事业部,2017-07-26,400000001514001,400000001544001,211
400000000115001,长安轿车销售事业部,2017-08-11,400000001596030,400000001630025,1575
400000000115001,长安轿车销售事业部,2017-08-21,400000001632003,400000001664003,116
400000000115001,长安轿车销售事业部,2017-08-24,400000001636012,400000001669012,411
400000000115001,长安轿车销售事业部,2017-09-01,400000001710001,400000001743001,774
400000000115001,长安轿车销售事业部,2017-09-01,400000001713001,400000001747001,635
400000000115001,长安轿车销售事业部,2017-09-10,400000001744007,400000001778009,53
400000000115001,长安轿车销售事业部,2017-09-13,400000001778008,400000001809005,631
400000000115001,长安轿车销售事业部,2017-10-12,400000001891019,400000001922021,62
400000000115001,长安轿车销售事业部,2017-10-13,400000001899013,400000001930013,27662
400000000115001,长安轿车销售事业部,2017-10-17,400000001916001,400000001946001,27665
400000000115001,长安轿车销售事业部,2017-10-18,400000001936002,400000001968002,27668
400000000115001,长安轿车销售事业部,2017-10-19,400000001969003,400000002004003,27668
400000000115001,长安轿车销售事业部,2017-10-20,400000001973001,400000002007001,27668
400000000115002,简柏特（大连）有限公司,2017-06-06,400000001171022,400000001196024,228
400000000115002,简柏特（大连）有限公司,2017-06-07,400000001181022,400000001205023,144
400000000115002,简柏特（大连）有限公司,2017-06-06,400000001183020,400000001207020,211
400000000115002,简柏特（大连）有限公司,2017-06-09,400000001199002,400000001226002,207
400000000115002,简柏特（大连）有限公司,2017-08-28,400000001665002,400000001698002,192
400000000115002,简柏特（大连）有限公司,2017-08-28,400000001665004,400000001698004,171
400000000116001,上海千问网络科技有限公司,NULL,NULL,NULL,NULL
400000000116002,重庆海泰管理服务有限公司,NULL,NULL,NULL,NULL
400000000125001,重庆长安铃木汽车有限公司,2017-07-26,400000001524006,400000001554007,897
400000000128001,云南机场集团,NULL,NULL,NULL,NULL
400000000134001,胜利测井公司,NULL,NULL,NULL,NULL
400000000135002,青岛海森林进出口有限公司,NULL,NULL,NULL,NULL
400000000137001,上交所技术有限责任公司,2017-08-10,400000001591025,400000001633024,11
400000000137001,上交所技术有限责任公司,2017-08-10,400000001599020,400000001632013,6
400000000140001,北京五八信息技术有限公司,2017-09-01,400000001710005,400000001743005,36
400000000140001,北京五八信息技术有限公司,2017-09-04,400000001728006,400000001757006,44
400000000140001,北京五八信息技术有限公司,2017-09-04,400000001729004,400000001764005,40
400000000140001,北京五八信息技术有限公司,2017-09-03,400000001731002,400000001766002,32
400000000140001,北京五八信息技术有限公司,2017-09-06,400000001737004,400000001770004,6
400000000140001,北京五八信息技术有限公司,2017-09-06,400000001738002,400000001772002,36
400000000140001,北京五八信息技术有限公司,2017-09-06,400000001738003,400000001772003,55
400000000140001,北京五八信息技术有限公司,2017-09-06,400000001739004,400000001773005,42
400000000140001,北京五八信息技术有限公司,2017-09-06,400000001743006,400000001777005,160
400000000140001,北京五八信息技术有限公司,2017-09-06,400000001746002,400000001771004,40
400000000140001,北京五八信息技术有限公司,2017-09-06,400000001748003,400000001781003,35
400000000140001,北京五八信息技术有限公司,2017-09-06,400000001749003,400000001782004,36
400000000140001,北京五八信息技术有限公司,2017-10-09,400000001877004,400000001907005,4
400000000140001,北京五八信息技术有限公司,2017-10-11,400000001888016,400000001919016,115
400000000140001,北京五八信息技术有限公司,2017-10-11,400000001888019,400000001919019,116
400000000140001,北京五八信息技术有限公司,2017-10-11,400000001889011,400000001920011,6
400000000140001,北京五八信息技术有限公司,2017-10-11,400000001894013,400000001925014,5
400000000140001,北京五八信息技术有限公司,2017-10-13,400000001899002,400000001930002,5
400000000140001,北京五八信息技术有限公司,2017-10-15,400000001899014,400000001930014,120
400000000140001,北京五八信息技术有限公司,2017-10-14,400000001901008,400000001932008,6
400000000149001,宝马集团中国学院,2017-08-01,400000001518040,400000001549038,106
400000000149001,宝马集团中国学院,2017-08-10,400000001592028,400000001627026,131
400000000199009,深圳市云创服装设计有限公司,2017-09-01,400000001712002,400000001745002,19
400000000199009,深圳市云创服装设计有限公司,2017-09-01,400000001720002,400000001753002,12
400000000199009,深圳市云创服装设计有限公司,2017-09-04,400000001731004,400000001766005,5
400000000199009,深圳市云创服装设计有限公司,2017-09-08,400000001749008,400000001782009,48
400000000199009,深圳市云创服装设计有限公司,2017-10-12,400000001899001,400000001930001,NULL
400000000199009,深圳市云创服装设计有限公司,2017-10-17,400000001928002,400000001959002,298
400000000200009,慧与（中国）有限公司,2017-08-31,400000001700009,400000001734009,70
400000000200009,慧与（中国）有限公司,2017-08-31,400000001709006,400000001742007,6
400000000200009,慧与（中国）有限公司,2017-09-03,400000001729001,400000001764001,46
400000000200009,慧与（中国）有限公司,2017-09-06,400000001750002,400000001783003,6
400000000200009,慧与（中国）有限公司,2017-09-11,400000001765002,400000001796002,35
400000000200009,慧与（中国）有限公司,2017-09-14,400000001803002,400000001835002,2
400000000200009,慧与（中国）有限公司,2017-10-18,400000001929003,400000001960003,10
400000000214007,云能投（北京）投资咨询有限公司,NULL,NULL,NULL,NULL
400000000230013,广东劳卡家具有限公司,2017-09-24,400000001834026,400000001864028,6
400000000230013,广东劳卡家具有限公司,2017-09-24,400000001834027,400000001864029,NULL
400000000230013,广东劳卡家具有限公司,2017-09-24,400000001834028,400000001864030,2
400000000230013,广东劳卡家具有限公司,2017-09-24,400000001835022,400000001865023,6
400000000230013,广东劳卡家具有限公司,2017-09-25,400000001835026,400000001865027,10
400000000230013,广东劳卡家具有限公司,2017-09-23,400000001836016,400000001866016,21
400000000230013,广东劳卡家具有限公司,2017-09-26,400000001836021,400000001866021,16
400000000230013,广东劳卡家具有限公司,2017-09-26,400000001836023,400000001866023,4
400000000230013,广东劳卡家具有限公司,2017-09-26,400000001836027,400000001866027,NULL
400000000230013,广东劳卡家具有限公司,2017-09-23,400000001838017,400000001868017,17
400000000230013,广东劳卡家具有限公司,2017-09-23,400000001838018,400000001868018,14
400000000230013,广东劳卡家具有限公司,2017-09-25,400000001838021,400000001868021,6
400000000230013,广东劳卡家具有限公司,2017-09-23,400000001839023,400000001869024,4
400000000230013,广东劳卡家具有限公司,2017-09-23,400000001839024,400000001869025,23
400000000230013,广东劳卡家具有限公司,2017-09-25,400000001839027,400000001869029,2
400000000230013,广东劳卡家具有限公司,2017-09-23,400000001840032,400000001870035,1
400000000230013,广东劳卡家具有限公司,2017-09-23,400000001841023,400000001871024,6
400000000230013,广东劳卡家具有限公司,2017-09-23,400000001841024,400000001871025,6
400000000230013,广东劳卡家具有限公司,2017-09-24,400000001841026,400000001871027,1
400000000230013,广东劳卡家具有限公司,2017-09-25,400000001842042,400000001872042,4
400000000230013,广东劳卡家具有限公司,2017-09-25,400000001842043,400000001872043,7
400000000230013,广东劳卡家具有限公司,2017-09-23,400000001843015,400000001873016,41
400000000230013,广东劳卡家具有限公司,2017-09-24,400000001843017,400000001873018,13
400000000230013,广东劳卡家具有限公司,2017-09-26,400000001843022,400000001873022,11
400000000230013,广东劳卡家具有限公司,2017-09-25,400000001845018,400000001876019,9
400000000230013,广东劳卡家具有限公司,2017-09-23,400000001846021,400000001877021,29
400000000230013,广东劳卡家具有限公司,2017-09-23,400000001847027,400000001878027,20
400000000230013,广东劳卡家具有限公司,2017-09-26,400000001847034,400000001878035,1
400000000230013,广东劳卡家具有限公司,2017-09-26,400000001847035,400000001878036,4
400000000230013,广东劳卡家具有限公司,2017-10-02,400000001868054,400000001899056,3
400000000230013,广东劳卡家具有限公司,2017-10-02,400000001868055,400000001899057,16
400000000230013,广东劳卡家具有限公司,2017-10-02,400000001870004,400000001901004,10
400000000230013,广东劳卡家具有限公司,2017-10-02,400000001877002,400000001907003,7
400000000230013,广东劳卡家具有限公司,2017-10-10,400000001880002,400000001911002,5
400000000230013,广东劳卡家具有限公司,2017-10-10,400000001882001,400000001913001,6
400000000230013,广东劳卡家具有限公司,2017-10-10,400000001884001,400000001915001,9
400000000232001,wjnuser16test企业名称,NULL,NULL,NULL,NULL
400000000233006,浙江恒逸集团有限公司,2017-09-27,400000001843024,400000001873024,110
400000000233006,浙江恒逸集团有限公司,2017-09-27,400000001849001,400000001880001,2
400000000233006,浙江恒逸集团有限公司,2017-09-28,400000001859003,400000001890003,2
400000000235027,杭州慧融信息技术有限公司,NULL,NULL,NULL,NULL
400000000235094,东风小康汽车有限公司,2017-10-15,400000001903006,400000001934006,10
400000000235094,东风小康汽车有限公司,2017-10-17,400000001929002,400000001960002,9
400000000237025,上海海立（集团）股份有限公司,NULL,NULL,NULL,NULL
400000000237077,西门子工业技术培训中心,2017-10-10,400000001881005,400000001912007,NULL
400000000237077,西门子工业技术培训中心,2017-10-10,400000001881006,400000001912008,NULL
400000000237077,西门子工业技术培训中心,2017-10-10,400000001881088,400000001912112,NULL
400000000237077,西门子工业技术培训中心,2017-10-10,400000001882004,400000001913005,NULL
400000000237077,西门子工业技术培训中心,2017-10-10,400000001882013,400000001913014,NULL
400000000237077,西门子工业技术培训中心,2017-10-10,400000001882014,400000001913015,NULL
400000000237077,西门子工业技术培训中心,2017-10-10,400000001882015,400000001913016,NULL
400000000237077,西门子工业技术培训中心,2017-10-10,400000001882016,400000001913017,NULL
400000000237077,西门子工业技术培训中心,2017-10-10,400000001882017,400000001913018,NULL
400000000237077,西门子工业技术培训中心,2017-10-10,400000001883043,400000001914062,NULL
400000000237077,西门子工业技术培训中心,2017-10-10,400000001884014,400000001915018,NULL
400000000237077,西门子工业技术培训中心,2017-10-10,400000001884050,400000001915067,NULL
400000000237077,西门子工业技术培训中心,2017-10-10,400000001885010,400000001916010,NULL
400000000237077,西门子工业技术培训中心,2017-10-10,400000001886003,400000001917004,NULL
400000000237077,西门子工业技术培训中心,2017-10-10,400000001886004,400000001917005,NULL
400000000237077,西门子工业技术培训中心,2017-10-10,400000001887002,400000001918002,NULL
400000000237077,西门子工业技术培训中心,2017-10-10,400000001887003,400000001918003,NULL
400000000237077,西门子工业技术培训中心,2017-10-10,400000001888002,400000001919002,NULL
400000000237077,西门子工业技术培训中心,2017-10-10,400000001889010,400000001920010,NULL
400000000237077,西门子工业技术培训中心,2017-10-10,400000001890002,400000001921002,NULL
400000000237077,西门子工业技术培训中心,2017-10-10,400000001890010,400000001921010,NULL
400000000237077,西门子工业技术培训中心,2017-10-10,400000001891002,400000001922002,NULL
400000000237077,西门子工业技术培训中心,2017-10-10,400000001891005,400000001922005,NULL
400000000237077,西门子工业技术培训中心,2017-10-10,400000001892002,400000001923003,NULL
400000000237077,西门子工业技术培训中心,2017-10-10,400000001892007,400000001923008,NULL
400000000237077,西门子工业技术培训中心,2017-10-10,400000001892008,400000001923009,NULL
400000000237077,西门子工业技术培训中心,2017-10-10,400000001894006,400000001925007,NULL
400000000237077,西门子工业技术培训中心,2017-10-16,400000001896022,400000001927023,NULL
400000000237077,西门子工业技术培训中心,2017-10-16,400000001896023,400000001927024,NULL
400000000237077,西门子工业技术培训中心,2017-10-16,400000001896024,400000001927025,NULL
400000000237077,西门子工业技术培训中心,2017-10-16,400000001896025,400000001927026,NULL
400000000237077,西门子工业技术培训中心,2017-10-16,400000001897021,400000001928023,NULL
400000000237077,西门子工业技术培训中心,2017-10-16,400000001897022,400000001928024,NULL
400000000237077,西门子工业技术培训中心,2017-10-16,400000001897023,400000001928025,NULL
400000000237077,西门子工业技术培训中心,2017-10-16,400000001897024,400000001928026,NULL
400000000237077,西门子工业技术培训中心,2017-10-16,400000001897025,400000001928027,NULL
400000000237077,西门子工业技术培训中心,2017-10-16,400000001898018,400000001929018,NULL
400000000237077,西门子工业技术培训中心,2017-10-16,400000001898019,400000001929019,NULL
400000000237077,西门子工业技术培训中心,2017-10-16,400000001898020,400000001929020,NULL
400000000237077,西门子工业技术培训中心,2017-10-16,400000001898021,400000001929021,NULL
400000000237077,西门子工业技术培训中心,2017-10-16,400000001898022,400000001929022,NULL
400000000237077,西门子工业技术培训中心,2017-10-16,400000001899019,400000001930019,NULL
400000000237077,西门子工业技术培训中心,2017-10-16,400000001900019,400000001931019,NULL
400000000237077,西门子工业技术培训中心,2017-10-16,400000001900020,400000001931020,NULL
400000000237077,西门子工业技术培训中心,2017-10-16,400000001900021,400000001931021,NULL
400000000237077,西门子工业技术培训中心,2017-10-16,400000001900022,400000001931022,NULL
400000000237077,西门子工业技术培训中心,2017-10-16,400000001901015,400000001932017,NULL
400000000237077,西门子工业技术培训中心,2017-10-16,400000001901016,400000001932018,NULL
400000000237077,西门子工业技术培训中心,2017-10-16,400000001901017,400000001932019,NULL
400000000237077,西门子工业技术培训中心,2017-10-16,400000001901018,400000001932020,NULL
400000000237077,西门子工业技术培训中心,2017-10-16,400000001901019,400000001932021,NULL
400000000237077,西门子工业技术培训中心,2017-10-16,400000001902008,400000001933008,NULL
400000000237077,西门子工业技术培训中心,2017-10-16,400000001902009,400000001933009,NULL
400000000237077,西门子工业技术培训中心,2017-10-16,400000001902010,400000001933010,NULL
400000000237077,西门子工业技术培训中心,2017-10-16,400000001902011,400000001933011,NULL
400000000237077,西门子工业技术培训中心,2017-10-16,400000001903013,400000001934013,NULL
400000000237077,西门子工业技术培训中心,2017-10-16,400000001903014,400000001934014,NULL
400000000237077,西门子工业技术培训中心,2017-10-16,400000001904008,400000001935008,NULL
400000000237077,西门子工业技术培训中心,2017-10-16,400000001904009,400000001935009,NULL
400000000237077,西门子工业技术培训中心,2017-10-16,400000001904010,400000001935010,NULL
400000000237077,西门子工业技术培训中心,2017-10-16,400000001904011,400000001935011,NULL
400000000237077,西门子工业技术培训中心,2017-10-16,400000001905011,400000001936011,NULL
400000000237077,西门子工业技术培训中心,2017-10-16,400000001905012,400000001936012,NULL
400000000237077,西门子工业技术培训中心,2017-10-16,400000001905013,400000001936013,NULL
400000000237077,西门子工业技术培训中心,2017-10-16,400000001905014,400000001936014,NULL
400000000237077,西门子工业技术培训中心,2017-10-16,400000001905015,400000001936015,NULL
400000000237077,西门子工业技术培训中心,2017-10-16,400000001906010,400000001937010,NULL
400000000237077,西门子工业技术培训中心,2017-10-16,400000001907018,400000001938018,NULL
400000000237077,西门子工业技术培训中心,2017-10-16,400000001907019,400000001938019,NULL
400000000237077,西门子工业技术培训中心,2017-10-16,400000001908012,400000001939012,NULL
400000000237077,西门子工业技术培训中心,2017-10-16,400000001909010,400000001940010,NULL
400000000237077,西门子工业技术培训中心,2017-10-16,400000001909011,400000001940011,NULL
400000000237077,西门子工业技术培训中心,2017-10-16,400000001909012,400000001940012,NULL
400000000237077,西门子工业技术培训中心,2017-10-16,400000001909013,400000001940013,NULL
400000000237077,西门子工业技术培训中心,2017-10-16,400000001909014,400000001940014,NULL
400000000237077,西门子工业技术培训中心,2017-10-16,400000001910009,400000001941009,NULL
400000000237077,西门子工业技术培训中心,2017-10-16,400000001910010,400000001941010,NULL
400000000237077,西门子工业技术培训中心,2017-10-16,400000001910011,400000001941011,NULL
400000000237077,西门子工业技术培训中心,2017-10-16,400000001910012,400000001941012,NULL
400000000237077,西门子工业技术培训中心,2017-10-16,400000001910013,400000001941013,NULL
400000000237077,西门子工业技术培训中心,2017-10-16,400000001910014,400000001941014,NULL
400000000237077,西门子工业技术培训中心,2017-10-19,400000001958005,400000001993005,NULL
400000000237077,西门子工业技术培训中心,2017-10-19,400000001966011,400000002001011,NULL
400000000237077,西门子工业技术培训中心,2017-10-20,400000001973002,400000002007002,NULL
400000000237077,西门子工业技术培训中心,2017-10-20,400000001981001,400000002015001,1
400000000239013,深圳奥哲网络科技有限公司,2017-09-27,400000001835034,400000001865036,13
400000000239013,深圳奥哲网络科技有限公司,2017-09-27,400000001839035,400000001869037,10
400000000239013,深圳奥哲网络科技有限公司,2017-09-27,400000001845023,400000001876024,9
400000000239013,深圳奥哲网络科技有限公司,2017-09-27,400000001846030,400000001877030,9
400000000239013,深圳奥哲网络科技有限公司,2017-09-27,400000001855016,400000001886016,12
400000000239013,深圳奥哲网络科技有限公司,2017-09-29,400000001865002,400000001896002,11
400000000239013,深圳奥哲网络科技有限公司,2017-09-29,400000001873001,400000001904001,12
400000000250004,苏州高新文体集团有限公司,2017-10-18,400000001927004,400000001958004,6
