provider_id,provider_name,t2.month,term_id,exam_id,exam_enroll_count
400000000008007,宁波凯信服饰股份有限公司,2017-03-21,400000000691002,400000000166001,NULL
400000000029002,上海网之易网络科技发展有限公司,NULL,NULL,NULL,NULL
400000000030003,重庆璞润控股(集团)有限公司,2017-03-05,400000000576001,400000000134001,19
400000000030004,西交利物浦大学图书馆,NULL,NULL,NULL,NULL
400000000037001,重庆长安民生物流股份有限公司,2017-03-03,400000000569005,400000000133001,57
400000000037001,重庆长安民生物流股份有限公司,2017-05-08,400000000947006,400000000290001,1
400000000037001,重庆长安民生物流股份有限公司,2017-05-07,400000000948006,400000000281001,6
400000000037001,重庆长安民生物流股份有限公司,2017-05-08,400000000948017,400000000281002,1
400000000037001,重庆长安民生物流股份有限公司,2017-05-08,400000000948025,400000000281003,1
400000000037001,重庆长安民生物流股份有限公司,2017-05-08,400000000949021,400000000291001,NULL
400000000037001,重庆长安民生物流股份有限公司,2017-05-07,400000000950005,400000000286001,4
400000000037001,重庆长安民生物流股份有限公司,2017-05-08,400000000950008,400000000286002,NULL
400000000037001,重庆长安民生物流股份有限公司,2017-05-08,400000000950026,400000000286003,NULL
400000000037001,重庆长安民生物流股份有限公司,2017-05-07,400000000951004,400000000278001,7
400000000037001,重庆长安民生物流股份有限公司,2017-05-08,400000000951025,400000000278002,NULL
400000000037001,重庆长安民生物流股份有限公司,2017-05-07,400000000952004,400000000279001,NULL
400000000037001,重庆长安民生物流股份有限公司,2017-05-08,400000000952026,400000000279002,NULL
400000000037001,重庆长安民生物流股份有限公司,2017-05-08,400000000952027,400000000279003,1
400000000037001,重庆长安民生物流股份有限公司,2017-05-07,400000000954004,400000000280001,21
400000000037001,重庆长安民生物流股份有限公司,2017-05-08,400000000954022,400000000280002,NULL
400000000037001,重庆长安民生物流股份有限公司,2017-05-07,400000000955003,400000000283001,7
400000000037001,重庆长安民生物流股份有限公司,2017-05-08,400000000955011,400000000283002,NULL
400000000037001,重庆长安民生物流股份有限公司,2017-05-07,400000000956005,400000000289001,7
400000000037001,重庆长安民生物流股份有限公司,2017-05-08,400000000956023,400000000289002,NULL
400000000037001,重庆长安民生物流股份有限公司,2017-05-07,400000000957003,400000000284001,9
400000000037001,重庆长安民生物流股份有限公司,2017-05-08,400000000957004,400000000284002,2
400000000037001,重庆长安民生物流股份有限公司,2017-05-07,400000000959002,400000000282001,16
400000000037001,重庆长安民生物流股份有限公司,2017-05-07,400000000959026,400000000282002,7
400000000037001,重庆长安民生物流股份有限公司,2017-05-08,400000000960002,400000000287001,65
400000000037001,重庆长安民生物流股份有限公司,2017-05-08,400000000960003,400000000287002,NULL
400000000037001,重庆长安民生物流股份有限公司,2017-05-08,400000000960004,400000000287003,2
400000000037001,重庆长安民生物流股份有限公司,2017-05-08,400000000960005,400000000287004,NULL
400000000037001,重庆长安民生物流股份有限公司,2017-05-08,400000000960009,400000000287005,NULL
400000000037001,重庆长安民生物流股份有限公司,2017-05-08,400000000960013,400000000287006,NULL
400000000037001,重庆长安民生物流股份有限公司,2017-05-08,400000000961002,400000000285001,54
400000000037001,重庆长安民生物流股份有限公司,2017-05-08,400000000961009,400000000285002,NULL
400000000037001,重庆长安民生物流股份有限公司,2017-05-08,400000000961019,400000000285003,1
400000000037001,重庆长安民生物流股份有限公司,2017-05-08,400000000962002,400000000288001,65
400000000037001,重庆长安民生物流股份有限公司,2017-05-08,400000000962004,400000000288002,1
400000000037001,重庆长安民生物流股份有限公司,2017-05-08,400000000962018,400000000288003,NULL
400000000037001,重庆长安民生物流股份有限公司,2017-06-01,400000001081001,400000000352001,51
400000000037001,重庆长安民生物流股份有限公司,2017-06-01,400000001081001,400000000350002,25
400000000037001,重庆长安民生物流股份有限公司,2017-06-06,400000001093014,400000000400005,127
400000000037001,重庆长安民生物流股份有限公司,2017-06-14,400000001228024,400000000423001,333
400000000037001,重庆长安民生物流股份有限公司,2017-06-19,400000001242005,400000000432001,68
400000000037001,重庆长安民生物流股份有限公司,2017-06-19,400000001242005,400000000439001,47
400000000037001,重庆长安民生物流股份有限公司,2017-06-22,400000001288005,400000000453001,16
400000000037001,重庆长安民生物流股份有限公司,2017-06-24,400000001288005,400000000455001,58
400000000037001,重庆长安民生物流股份有限公司,2017-06-27,400000001292007,400000000465001,195
400000000037001,重庆长安民生物流股份有限公司,2017-07-19,400000001437001,400000000558001,204
400000000037001,重庆长安民生物流股份有限公司,2017-07-25,400000001498001,400000000560001,18
400000000037001,重庆长安民生物流股份有限公司,2017-07-25,400000001498001,400000000572002,23
400000000037001,重庆长安民生物流股份有限公司,2017-07-24,400000001524004,400000000568002,58
400000000037001,重庆长安民生物流股份有限公司,2017-07-22,400000001524004,400000000571002,60
400000000037001,重庆长安民生物流股份有限公司,2017-09-18,400000001837002,400000000728003,6
400000000037001,重庆长安民生物流股份有限公司,2017-09-23,400000001864018,400000000737006,45
400000000037001,重庆长安民生物流股份有限公司,2017-09-21,400000001864018,400000000737005,33
400000000037001,重庆长安民生物流股份有限公司,2017-10-20,400000002009001,400000000811001,3
400000000042003,青岛远洋运输有限公司,NULL,NULL,NULL,NULL
400000000043004,上海透云物联网科技有限公司,NULL,NULL,NULL,NULL
400000000052001,长安汽车股份,2017-02-28,400000000185001,400000000059005,138
400000000052001,长安汽车股份,2017-05-11,400000000408003,400000000313001,381
400000000052009,重庆财沃旅游发展有限公司,NULL,NULL,NULL,NULL
400000000054003,汽车平台演示,2017-02-07,400000000218135,400000000113001,1
400000000054003,汽车平台演示,2017-03-15,400000000669002,400000000159001,1
400000000054003,汽车平台演示,2017-07-05,400000001360001,400000000485002,3
400000000054003,汽车平台演示,2017-07-10,400000001421001,400000000528001,NULL
400000000055001,广汽三菱汽车有限公司,NULL,NULL,NULL,NULL
400000000056001,杭州碧游信息技术有限公司,NULL,NULL,NULL,NULL
400000000062002,网易校园俱乐部,NULL,NULL,NULL,NULL
400000000070001,浙江日报报业集团,NULL,NULL,NULL,NULL
400000000071001,杭州市水务控股集团有限公司,NULL,NULL,NULL,NULL
400000000073001,杭州橙群网络科技有限公司,2017-09-14,400000000676051,400000000573002,90
400000000073001,杭州橙群网络科技有限公司,2017-06-28,400000000678058,400000000464001,14
400000000073001,杭州橙群网络科技有限公司,2017-10-19,400000001074017,400000000693001,22
400000000073001,杭州橙群网络科技有限公司,2017-08-21,400000001083001,400000000620001,44
400000000073001,杭州橙群网络科技有限公司,2017-08-25,400000001084001,400000000643002,NULL
400000000073001,杭州橙群网络科技有限公司,2017-06-27,400000001312004,400000000466001,3
400000000073001,杭州橙群网络科技有限公司,2017-06-29,400000001341002,400000000482001,76
400000000073001,杭州橙群网络科技有限公司,2017-07-07,400000001383078,400000000508001,68
400000000073001,杭州橙群网络科技有限公司,2017-07-20,400000001501001,400000000563001,50
400000000073001,杭州橙群网络科技有限公司,2017-07-27,400000001547004,400000000583002,76
400000000073001,杭州橙群网络科技有限公司,2017-09-19,400000001556015,400000000722004,59
400000000073001,杭州橙群网络科技有限公司,2017-08-03,400000001571006,400000000597001,79
400000000073001,杭州橙群网络科技有限公司,2017-08-17,400000001633043,400000000617001,61
400000000073001,杭州橙群网络科技有限公司,2017-08-31,400000001735001,400000000675002,61
400000000073002,四海内校,NULL,NULL,NULL,NULL
400000000074001,北京五八信息技术有限公司,NULL,NULL,NULL,NULL
400000000075002,北京众合天下管理咨询有限公司,NULL,NULL,NULL,NULL
400000000078002,晋能清洁能源科技有限公司,NULL,NULL,NULL,NULL
400000000078003,南方英特空调有限公司,NULL,NULL,NULL,NULL
400000000082001,北京项目管理协会自学考试职业能力培养考核平台,NULL,NULL,NULL,NULL
400000000087001,山东卓创集团有限公司,NULL,NULL,NULL,NULL
400000000090002,网易传媒科技（北京）有限公司,2017-04-26,400000000900039,400000000266011,NULL
400000000090002,网易传媒科技（北京）有限公司,2017-04-26,400000000902040,400000000253014,NULL
400000000090002,网易传媒科技（北京）有限公司,2017-04-26,400000000903044,400000000257010,1
400000000090002,网易传媒科技（北京）有限公司,2017-04-26,400000000906041,400000000264012,2
400000000090002,网易传媒科技（北京）有限公司,2017-04-26,400000000910036,400000000252009,NULL
400000000090002,网易传媒科技（北京）有限公司,2017-08-28,400000001701003,400000000651001,5
400000000090002,网易传媒科技（北京）有限公司,2017-08-28,400000001704002,400000000654001,NULL
400000000090002,网易传媒科技（北京）有限公司,2017-08-28,400000001705002,400000000655001,NULL
400000000090003,重庆天极网络有限公司,2017-06-06,400000001196011,400000000411001,1
400000000096003,安世联合商务服务（北京）有限公司,NULL,NULL,NULL,NULL
400000000096005,信诚人寿保险有限公司上海分公司,2017-04-26,400000000894032,400000000255010,NULL
400000000096005,信诚人寿保险有限公司上海分公司,2017-04-26,400000000894033,400000000255011,NULL
400000000096005,信诚人寿保险有限公司上海分公司,2017-04-26,400000000894034,400000000255012,1
400000000096005,信诚人寿保险有限公司上海分公司,2017-04-26,400000000894035,400000000255013,NULL
400000000096005,信诚人寿保险有限公司上海分公司,2017-04-26,400000000895027,400000000259010,NULL
400000000096005,信诚人寿保险有限公司上海分公司,2017-04-26,400000000895028,400000000259011,2
400000000096005,信诚人寿保险有限公司上海分公司,2017-04-26,400000000895029,400000000259012,NULL
400000000096005,信诚人寿保险有限公司上海分公司,2017-04-26,400000000896031,400000000263009,NULL
400000000096005,信诚人寿保险有限公司上海分公司,2017-04-26,400000000896032,400000000263010,2
400000000096005,信诚人寿保险有限公司上海分公司,2017-04-26,400000000896033,400000000263011,1
400000000096005,信诚人寿保险有限公司上海分公司,2017-04-26,400000000897032,400000000267005,1
400000000096005,信诚人寿保险有限公司上海分公司,2017-04-26,400000000897033,400000000267006,NULL
400000000096005,信诚人寿保险有限公司上海分公司,2017-04-26,400000000897034,400000000267007,NULL
400000000096005,信诚人寿保险有限公司上海分公司,2017-04-26,400000000898033,400000000268005,1
400000000096005,信诚人寿保险有限公司上海分公司,2017-04-26,400000000898034,400000000268006,NULL
400000000096005,信诚人寿保险有限公司上海分公司,2017-04-26,400000000898035,400000000268007,1
400000000096005,信诚人寿保险有限公司上海分公司,2017-04-26,400000000899038,400000000256007,NULL
400000000096005,信诚人寿保险有限公司上海分公司,2017-04-26,400000000899039,400000000256008,NULL
400000000096005,信诚人寿保险有限公司上海分公司,2017-04-26,400000000899040,400000000256009,NULL
400000000096005,信诚人寿保险有限公司上海分公司,2017-04-26,400000000899041,400000000256010,1
400000000096005,信诚人寿保险有限公司上海分公司,2017-04-26,400000000900035,400000000266007,NULL
400000000096005,信诚人寿保险有限公司上海分公司,2017-04-26,400000000900036,400000000266008,NULL
400000000096005,信诚人寿保险有限公司上海分公司,2017-04-26,400000000900037,400000000266009,NULL
400000000096005,信诚人寿保险有限公司上海分公司,2017-04-26,400000000900038,400000000266010,NULL
400000000096005,信诚人寿保险有限公司上海分公司,2017-04-26,400000000901038,400000000258006,1
400000000096005,信诚人寿保险有限公司上海分公司,2017-04-26,400000000901039,400000000258007,NULL
400000000096005,信诚人寿保险有限公司上海分公司,2017-04-26,400000000901040,400000000258008,NULL
400000000096005,信诚人寿保险有限公司上海分公司,2017-04-26,400000000901041,400000000258009,NULL
400000000096005,信诚人寿保险有限公司上海分公司,2017-04-26,400000000902036,400000000253010,NULL
400000000096005,信诚人寿保险有限公司上海分公司,2017-04-26,400000000902037,400000000253011,1
400000000096005,信诚人寿保险有限公司上海分公司,2017-04-26,400000000902038,400000000253012,1
400000000096005,信诚人寿保险有限公司上海分公司,2017-04-26,400000000902039,400000000253013,NULL
400000000096005,信诚人寿保险有限公司上海分公司,2017-04-26,400000000903041,400000000257007,1
400000000096005,信诚人寿保险有限公司上海分公司,2017-04-26,400000000903042,400000000257008,NULL
400000000096005,信诚人寿保险有限公司上海分公司,2017-04-26,400000000903043,400000000257009,NULL
400000000096005,信诚人寿保险有限公司上海分公司,2017-04-26,400000000904043,400000000260008,NULL
400000000096005,信诚人寿保险有限公司上海分公司,2017-04-26,400000000904044,400000000260009,NULL
400000000096005,信诚人寿保险有限公司上海分公司,2017-04-26,400000000904045,400000000260010,NULL
400000000096005,信诚人寿保险有限公司上海分公司,2017-04-26,400000000904046,400000000260011,NULL
400000000096005,信诚人寿保险有限公司上海分公司,2017-04-26,400000000905034,400000000254009,1
400000000096005,信诚人寿保险有限公司上海分公司,2017-04-26,400000000905035,400000000254010,2
400000000096005,信诚人寿保险有限公司上海分公司,2017-04-26,400000000905036,400000000254011,NULL
400000000096005,信诚人寿保险有限公司上海分公司,2017-04-26,400000000905037,400000000254012,NULL
400000000096005,信诚人寿保险有限公司上海分公司,2017-04-26,400000000906037,400000000264008,1
400000000096005,信诚人寿保险有限公司上海分公司,2017-04-26,400000000906038,400000000264009,NULL
400000000096005,信诚人寿保险有限公司上海分公司,2017-04-26,400000000906039,400000000264010,NULL
400000000096005,信诚人寿保险有限公司上海分公司,2017-04-26,400000000906040,400000000264011,NULL
400000000096005,信诚人寿保险有限公司上海分公司,2017-04-26,400000000907028,400000000262006,1
400000000096005,信诚人寿保险有限公司上海分公司,2017-04-26,400000000907029,400000000262007,NULL
400000000096005,信诚人寿保险有限公司上海分公司,2017-04-26,400000000907030,400000000262008,NULL
400000000096005,信诚人寿保险有限公司上海分公司,2017-04-26,400000000908031,400000000265006,1
400000000096005,信诚人寿保险有限公司上海分公司,2017-04-26,400000000908032,400000000265007,1
400000000096005,信诚人寿保险有限公司上海分公司,2017-04-26,400000000908033,400000000265008,NULL
400000000096005,信诚人寿保险有限公司上海分公司,2017-04-26,400000000909035,400000000261004,NULL
400000000096005,信诚人寿保险有限公司上海分公司,2017-04-26,400000000909036,400000000261005,2
400000000096005,信诚人寿保险有限公司上海分公司,2017-04-26,400000000909037,400000000261006,NULL
400000000096005,信诚人寿保险有限公司上海分公司,2017-04-26,400000000910032,400000000252005,NULL
400000000096005,信诚人寿保险有限公司上海分公司,2017-04-26,400000000910033,400000000252006,1
400000000096005,信诚人寿保险有限公司上海分公司,2017-04-26,400000000910034,400000000252007,NULL
400000000096005,信诚人寿保险有限公司上海分公司,2017-04-26,400000000910035,400000000252008,1
400000000101004,联合汽车电子有限公司,NULL,NULL,NULL,NULL
400000000106002,厦门双瑞船舶涂料有限公司,NULL,NULL,NULL,NULL
400000000108001,河北建投新能源有限公司,2017-06-06,400000001203024,400000000398003,NULL
400000000108001,河北建投新能源有限公司,2017-09-05,400000001758004,400000000691002,NULL
400000000110001,北京古北水镇旅游有限公司,NULL,NULL,NULL,NULL
400000000112003,中国保险保障基金有限责任公司,2017-05-25,400000001081009,400000000351001,NULL
400000000114001,重庆信息通信研究院,NULL,NULL,NULL,NULL
400000000114002,上汽通用(沈阳)北盛汽车有限公司,2017-05-26,400000001120006,400000000374001,1
400000000114002,上汽通用(沈阳)北盛汽车有限公司,2017-05-26,400000001121007,400000000366004,NULL
400000000114002,上汽通用(沈阳)北盛汽车有限公司,2017-05-26,400000001121008,400000000366005,4
400000000114002,上汽通用(沈阳)北盛汽车有限公司,2017-05-26,400000001121009,400000000366006,NULL
400000000114002,上汽通用(沈阳)北盛汽车有限公司,2017-05-26,400000001122004,400000000364002,1
400000000114002,上汽通用(沈阳)北盛汽车有限公司,2017-05-26,400000001122005,400000000364003,3
400000000114002,上汽通用(沈阳)北盛汽车有限公司,2017-05-26,400000001123004,400000000378001,2
400000000114002,上汽通用(沈阳)北盛汽车有限公司,2017-05-26,400000001124004,400000000368002,NULL
400000000114002,上汽通用(沈阳)北盛汽车有限公司,2017-05-26,400000001124005,400000000368003,2
400000000114002,上汽通用(沈阳)北盛汽车有限公司,2017-05-26,400000001124006,400000000368004,3
400000000114002,上汽通用(沈阳)北盛汽车有限公司,2017-05-26,400000001125006,400000000367002,1
400000000114002,上汽通用(沈阳)北盛汽车有限公司,2017-05-26,400000001125007,400000000367003,NULL
400000000114002,上汽通用(沈阳)北盛汽车有限公司,2017-05-26,400000001126004,400000000369002,NULL
400000000114002,上汽通用(沈阳)北盛汽车有限公司,2017-05-26,400000001126005,400000000369003,2
400000000114002,上汽通用(沈阳)北盛汽车有限公司,2017-05-26,400000001126006,400000000369004,1
400000000114002,上汽通用(沈阳)北盛汽车有限公司,2017-05-26,400000001127005,400000000376001,NULL
400000000114002,上汽通用(沈阳)北盛汽车有限公司,2017-05-26,400000001128004,400000000371001,NULL
400000000114002,上汽通用(沈阳)北盛汽车有限公司,2017-05-26,400000001128005,400000000371002,3
400000000114002,上汽通用(沈阳)北盛汽车有限公司,2017-05-26,400000001128006,400000000371003,2
400000000114002,上汽通用(沈阳)北盛汽车有限公司,2017-05-26,400000001129004,400000000377001,NULL
400000000114002,上汽通用(沈阳)北盛汽车有限公司,2017-05-26,400000001130004,400000000372001,1
400000000114002,上汽通用(沈阳)北盛汽车有限公司,2017-05-26,400000001130005,400000000372002,NULL
400000000114002,上汽通用(沈阳)北盛汽车有限公司,2017-05-26,400000001131002,400000000375001,NULL
400000000114002,上汽通用(沈阳)北盛汽车有限公司,2017-05-26,400000001132002,400000000373001,1
400000000114002,上汽通用(沈阳)北盛汽车有限公司,2017-05-26,400000001133002,400000000365002,NULL
400000000114002,上汽通用(沈阳)北盛汽车有限公司,2017-05-26,400000001134002,400000000363003,NULL
400000000114002,上汽通用(沈阳)北盛汽车有限公司,2017-05-26,400000001134003,400000000363004,1
400000000114002,上汽通用(沈阳)北盛汽车有限公司,2017-05-26,400000001135002,400000000362002,NULL
400000000114002,上汽通用(沈阳)北盛汽车有限公司,2017-05-26,400000001135003,400000000362003,NULL
400000000114002,上汽通用(沈阳)北盛汽车有限公司,2017-05-26,400000001136002,400000000379001,NULL
400000000115001,长安轿车销售事业部,2017-07-26,400000001544001,400000000581001,NULL
400000000115002,简柏特（大连）有限公司,2017-09-24,400000001863018,400000000748002,NULL
400000000115002,简柏特（大连）有限公司,2017-09-24,400000001863019,400000000748003,NULL
400000000115002,简柏特（大连）有限公司,2017-09-24,400000001864026,400000000741005,NULL
400000000115002,简柏特（大连）有限公司,2017-09-24,400000001864027,400000000741006,NULL
400000000115002,简柏特（大连）有限公司,2017-09-24,400000001865022,400000000744006,NULL
400000000115002,简柏特（大连）有限公司,2017-09-24,400000001866017,400000000747004,NULL
400000000115002,简柏特（大连）有限公司,2017-09-24,400000001866018,400000000747005,NULL
400000000115002,简柏特（大连）有限公司,2017-09-24,400000001867031,400000000736009,NULL
400000000115002,简柏特（大连）有限公司,2017-09-24,400000001867032,400000000736010,NULL
400000000115002,简柏特（大连）有限公司,2017-09-24,400000001868019,400000000745005,NULL
400000000115002,简柏特（大连）有限公司,2017-09-24,400000001869026,400000000739005,NULL
400000000115002,简柏特（大连）有限公司,2017-09-24,400000001870036,400000000737007,NULL
400000000115002,简柏特（大连）有限公司,2017-09-24,400000001871026,400000000740004,NULL
400000000115002,简柏特（大连）有限公司,2017-09-24,400000001872040,400000000738007,NULL
400000000115002,简柏特（大连）有限公司,2017-09-24,400000001872041,400000000738008,NULL
400000000115002,简柏特（大连）有限公司,2017-09-24,400000001873017,400000000742003,NULL
400000000115002,简柏特（大连）有限公司,2017-09-24,400000001876016,400000000746006,NULL
400000000115002,简柏特（大连）有限公司,2017-09-24,400000001876017,400000000746007,NULL
400000000115002,简柏特（大连）有限公司,2017-09-24,400000001877022,400000000735006,NULL
400000000115002,简柏特（大连）有限公司,2017-09-24,400000001878028,400000000743004,NULL
400000000116001,上海千问网络科技有限公司,2017-05-26,400000001121003,400000000366002,NULL
400000000116001,上海千问网络科技有限公司,2017-05-26,400000001121006,400000000366003,NULL
400000000116001,上海千问网络科技有限公司,2017-05-26,400000001124002,400000000368001,NULL
400000000116001,上海千问网络科技有限公司,2017-05-26,400000001125002,400000000367001,NULL
400000000116001,上海千问网络科技有限公司,2017-05-26,400000001126002,400000000369001,NULL
400000000116001,上海千问网络科技有限公司,2017-05-26,400000001134001,400000000363002,NULL
400000000116002,重庆海泰管理服务有限公司,2017-06-15,400000001234007,400000000429001,NULL
400000000125001,重庆长安铃木汽车有限公司,2017-07-04,400000001288009,400000000459001,433
400000000125001,重庆长安铃木汽车有限公司,2017-07-07,400000001289006,400000000513001,391
400000000125001,重庆长安铃木汽车有限公司,2017-07-07,400000001289007,400000000506002,386
400000000125001,重庆长安铃木汽车有限公司,2017-07-07,400000001290006,400000000509001,434
400000000125001,重庆长安铃木汽车有限公司,2017-07-04,400000001291006,400000000457001,421
400000000125001,重庆长安铃木汽车有限公司,2017-07-04,400000001292006,400000000455002,453
400000000125001,重庆长安铃木汽车有限公司,2017-07-07,400000001293006,400000000506003,396
400000000125001,重庆长安铃木汽车有限公司,2017-07-04,400000001294010,400000000456002,435
400000000125001,重庆长安铃木汽车有限公司,2017-07-11,400000001295005,400000000512001,377
400000000125001,重庆长安铃木汽车有限公司,2017-07-06,400000001295005,400000000511001,359
400000000125001,重庆长安铃木汽车有限公司,2017-07-27,400000001295007,400000000460001,424
400000000125001,重庆长安铃木汽车有限公司,2017-07-04,400000001299006,400000000454002,434
400000000125001,重庆长安铃木汽车有限公司,2017-07-04,400000001301005,400000000458001,NULL
400000000125001,重庆长安铃木汽车有限公司,2017-07-07,400000001302008,400000000517001,397
400000000125001,重庆长安铃木汽车有限公司,2017-07-07,400000001304003,400000000516001,391
400000000125001,重庆长安铃木汽车有限公司,2017-07-07,400000001304004,400000000509002,405
400000000128001,云南机场集团,2017-06-28,400000001333400,400000000472001,NULL
400000000128001,云南机场集团,2017-06-28,400000001333581,400000000472002,13
400000000134001,胜利测井公司,NULL,NULL,NULL,NULL
400000000135002,青岛海森林进出口有限公司,NULL,NULL,NULL,NULL
400000000137001,上交所技术有限责任公司,NULL,NULL,NULL,NULL
400000000140001,北京五八信息技术有限公司,2017-09-29,400000001743005,400000000754003,12
400000000140001,北京五八信息技术有限公司,2017-09-29,400000001757006,400000000758002,11
400000000140001,北京五八信息技术有限公司,2017-09-29,400000001764005,400000000760001,11
400000000140001,北京五八信息技术有限公司,2017-09-30,400000001771004,400000000755002,11
400000000140001,北京五八信息技术有限公司,2017-09-29,400000001772002,400000000754002,11
400000000140001,北京五八信息技术有限公司,2017-09-29,400000001772003,400000000757001,10
400000000140001,北京五八信息技术有限公司,2017-09-29,400000001773005,400000000755003,11
400000000140001,北京五八信息技术有限公司,2017-09-29,400000001777005,400000000756001,13
400000000140001,北京五八信息技术有限公司,2017-09-29,400000001781003,400000000758001,10
400000000140001,北京五八信息技术有限公司,2017-09-29,400000001782004,400000000757002,11
400000000140001,北京五八信息技术有限公司,2017-10-13,400000001907005,400000000783007,3
400000000140001,北京五八信息技术有限公司,2017-10-13,400000001919016,400000000789004,3
400000000140001,北京五八信息技术有限公司,2017-10-13,400000001920011,400000000782009,1
400000000140001,北京五八信息技术有限公司,2017-10-13,400000001925014,400000000782008,3
400000000140001,北京五八信息技术有限公司,2017-10-15,400000001930014,400000000793002,5
400000000140001,北京五八信息技术有限公司,2017-10-16,400000001932008,400000000787004,3
400000000149001,宝马集团中国学院,NULL,NULL,NULL,NULL
400000000199009,深圳市云创服装设计有限公司,2017-09-22,400000001782009,400000000724003,42
400000000200009,慧与（中国）有限公司,2017-09-13,400000001764001,400000000705001,28
400000000214007,云能投（北京）投资咨询有限公司,2017-10-19,400000001805011,400000000705002,NULL
400000000214007,云能投（北京）投资咨询有限公司,2017-10-18,400000001807009,400000000710001,NULL
400000000230013,广东劳卡家具有限公司,NULL,NULL,NULL,NULL
400000000232001,wjnuser16test企业名称,NULL,NULL,NULL,NULL
400000000233006,浙江恒逸集团有限公司,NULL,NULL,NULL,NULL
400000000235027,杭州慧融信息技术有限公司,2017-09-27,400000001863030,400000000748004,NULL
400000000235027,杭州慧融信息技术有限公司,2017-09-27,400000001864037,400000000741009,NULL
400000000235027,杭州慧融信息技术有限公司,2017-09-27,400000001864039,400000000741010,NULL
400000000235027,杭州慧融信息技术有限公司,2017-09-27,400000001865033,400000000744007,NULL
400000000235027,杭州慧融信息技术有限公司,2017-09-27,400000001865035,400000000744008,NULL
400000000235027,杭州慧融信息技术有限公司,2017-09-27,400000001866030,400000000747006,NULL
400000000235027,杭州慧融信息技术有限公司,2017-09-27,400000001866032,400000000747007,NULL
400000000235027,杭州慧融信息技术有限公司,2017-09-27,400000001866033,400000000747008,NULL
400000000235027,杭州慧融信息技术有限公司,2017-09-27,400000001867038,400000000736011,NULL
400000000235027,杭州慧融信息技术有限公司,2017-09-27,400000001869035,400000000739006,NULL
400000000235027,杭州慧融信息技术有限公司,2017-09-27,400000001870044,400000000737009,NULL
400000000235027,杭州慧融信息技术有限公司,2017-09-27,400000001870046,400000000737010,NULL
400000000235027,杭州慧融信息技术有限公司,2017-09-27,400000001871035,400000000740005,NULL
400000000235027,杭州慧融信息技术有限公司,2017-09-27,400000001871036,400000000740006,NULL
400000000235027,杭州慧融信息技术有限公司,2017-09-27,400000001873027,400000000742004,NULL
400000000235027,杭州慧融信息技术有限公司,2017-09-27,400000001873029,400000000742005,NULL
400000000235027,杭州慧融信息技术有限公司,2017-09-27,400000001876025,400000000746009,NULL
400000000235027,杭州慧融信息技术有限公司,2017-09-27,400000001876029,400000000746010,NULL
400000000235027,杭州慧融信息技术有限公司,2017-09-27,400000001877032,400000000735007,NULL
400000000235027,杭州慧融信息技术有限公司,2017-09-27,400000001877036,400000000735008,NULL
400000000235027,杭州慧融信息技术有限公司,2017-09-27,400000001878040,400000000743006,NULL
400000000235027,杭州慧融信息技术有限公司,2017-09-27,400000001878041,400000000743007,NULL
400000000235094,东风小康汽车有限公司,2017-10-11,400000001920016,400000000772002,NULL
400000000237025,上海海立（集团）股份有限公司,NULL,NULL,NULL,NULL
400000000237077,西门子工业技术培训中心,NULL,NULL,NULL,NULL
400000000239013,深圳奥哲网络科技有限公司,NULL,NULL,NULL,NULL
400000000250004,苏州高新文体集团有限公司,2017-10-13,400000001927002,400000000781001,NULL
400000000250004,苏州高新文体集团有限公司,2017-10-13,400000001927003,400000000781002,NULL
400000000250004,苏州高新文体集团有限公司,2017-10-13,400000001927005,400000000781003,NULL
400000000250004,苏州高新文体集团有限公司,2017-10-13,400000001927006,400000000781004,NULL
400000000250004,苏州高新文体集团有限公司,2017-10-13,400000001927007,400000000781005,NULL
400000000250004,苏州高新文体集团有限公司,2017-10-13,400000001927008,400000000781006,NULL
400000000250004,苏州高新文体集团有限公司,2017-10-13,400000001927009,400000000781007,NULL
400000000250004,苏州高新文体集团有限公司,2017-10-13,400000001927011,400000000781008,NULL
400000000250004,苏州高新文体集团有限公司,2017-10-13,400000001927012,400000000781009,NULL
400000000250004,苏州高新文体集团有限公司,2017-10-13,400000001928002,400000000780001,NULL
400000000250004,苏州高新文体集团有限公司,2017-10-13,400000001928003,400000000780002,NULL
400000000250004,苏州高新文体集团有限公司,2017-10-13,400000001928004,400000000780003,NULL
400000000250004,苏州高新文体集团有限公司,2017-10-13,400000001928005,400000000780004,NULL
400000000250004,苏州高新文体集团有限公司,2017-10-13,400000001928006,400000000780005,NULL
400000000250004,苏州高新文体集团有限公司,2017-10-13,400000001928007,400000000780006,NULL
400000000250004,苏州高新文体集团有限公司,2017-10-13,400000001928008,400000000780007,NULL
400000000250004,苏州高新文体集团有限公司,2017-10-13,400000001928009,400000000780008,NULL
400000000250004,苏州高新文体集团有限公司,2017-10-13,400000001928011,400000000780009,NULL
400000000250004,苏州高新文体集团有限公司,2017-10-13,400000001928014,400000000780010,NULL
400000000250004,苏州高新文体集团有限公司,2017-10-13,400000001929002,400000000783001,NULL
400000000250004,苏州高新文体集团有限公司,2017-10-13,400000001929004,400000000783002,NULL
400000000250004,苏州高新文体集团有限公司,2017-10-13,400000001929005,400000000783003,NULL
400000000250004,苏州高新文体集团有限公司,2017-10-13,400000001929006,400000000783004,NULL
400000000250004,苏州高新文体集团有限公司,2017-10-13,400000001929008,400000000783005,NULL
400000000250004,苏州高新文体集团有限公司,2017-10-13,400000001929011,400000000783006,NULL
400000000250004,苏州高新文体集团有限公司,2017-10-13,400000001930004,400000000784001,NULL
400000000250004,苏州高新文体集团有限公司,2017-10-13,400000001930006,400000000784002,NULL
400000000250004,苏州高新文体集团有限公司,2017-10-13,400000001930007,400000000784003,NULL
400000000250004,苏州高新文体集团有限公司,2017-10-13,400000001930008,400000000784004,NULL
400000000250004,苏州高新文体集团有限公司,2017-10-13,400000001930010,400000000784005,NULL
400000000250004,苏州高新文体集团有限公司,2017-10-13,400000001930011,400000000784006,NULL
400000000250004,苏州高新文体集团有限公司,2017-10-13,400000001930012,400000000784007,NULL
400000000250004,苏州高新文体集团有限公司,2017-10-13,400000001931003,400000000782001,NULL
400000000250004,苏州高新文体集团有限公司,2017-10-13,400000001931004,400000000782002,NULL
400000000250004,苏州高新文体集团有限公司,2017-10-13,400000001931006,400000000782003,NULL
400000000250004,苏州高新文体集团有限公司,2017-10-13,400000001931009,400000000782004,NULL
400000000250004,苏州高新文体集团有限公司,2017-10-13,400000001931010,400000000782005,NULL
400000000250004,苏州高新文体集团有限公司,2017-10-13,400000001931012,400000000782006,NULL
400000000250004,苏州高新文体集团有限公司,2017-10-13,400000001931014,400000000782007,NULL
400000000250004,苏州高新文体集团有限公司,2017-10-13,400000001932002,400000000786001,NULL
400000000250004,苏州高新文体集团有限公司,2017-10-13,400000001932003,400000000786002,NULL
400000000250004,苏州高新文体集团有限公司,2017-10-13,400000001932005,400000000786003,NULL
400000000250004,苏州高新文体集团有限公司,2017-10-13,400000001933001,400000000793001,NULL
400000000250004,苏州高新文体集团有限公司,2017-10-13,400000001934002,400000000792001,NULL
400000000250004,苏州高新文体集团有限公司,2017-10-13,400000001934003,400000000792002,NULL
400000000250004,苏州高新文体集团有限公司,2017-10-13,400000001935001,400000000791001,NULL
400000000250004,苏州高新文体集团有限公司,2017-10-13,400000001936001,400000000787001,NULL
400000000250004,苏州高新文体集团有限公司,2017-10-13,400000001936002,400000000787002,NULL
400000000250004,苏州高新文体集团有限公司,2017-10-13,400000001936004,400000000787003,4
400000000250004,苏州高新文体集团有限公司,2017-10-13,400000001937001,400000000779002,NULL
400000000250004,苏州高新文体集团有限公司,2017-10-13,400000001937002,400000000779003,NULL
400000000250004,苏州高新文体集团有限公司,2017-10-13,400000001938002,400000000785001,NULL
400000000250004,苏州高新文体集团有限公司,2017-10-13,400000001938008,400000000785002,NULL
400000000250004,苏州高新文体集团有限公司,2017-10-13,400000001938010,400000000785003,NULL
400000000250004,苏州高新文体集团有限公司,2017-10-13,400000001939001,400000000790001,NULL
400000000250004,苏州高新文体集团有限公司,2017-10-13,400000001940001,400000000788001,NULL
400000000250004,苏州高新文体集团有限公司,2017-10-13,400000001940002,400000000788002,NULL
400000000250004,苏州高新文体集团有限公司,2017-10-13,400000001941001,400000000789001,NULL
400000000250004,苏州高新文体集团有限公司,2017-10-13,400000001941002,400000000789002,NULL
400000000250004,苏州高新文体集团有限公司,2017-10-13,400000001941003,400000000789003,NULL
